<annotation>
	<folder>pet_1</folder>
	<filename>14.jpg</filename>
	<path>C:\Users\요셉\Desktop\waste_classification\train\pet_1\14.jpg</path>
	<source>
		<database>Unknown</database>
	</source>
	<size>
		<width>274</width>
		<height>184</height>
		<depth>3</depth>
	</size>
	<segmented>0</segmented>
	<object>
		<name>PET</name>
		<pose>Unspecified</pose>
		<truncated>0</truncated>
		<difficult>0</difficult>
		<bndbox>
			<xmin>4</xmin>
			<ymin>60</ymin>
			<xmax>268</xmax>
			<ymax>149</ymax>
		</bndbox>
	</object>
</annotation>
