<annotation>
	<folder>pet_1</folder>
	<filename>16.jpg</filename>
	<path>C:\Users\요셉\Desktop\waste_classification\train\pet_1\16.jpg</path>
	<source>
		<database>Unknown</database>
	</source>
	<size>
		<width>194</width>
		<height>194</height>
		<depth>3</depth>
	</size>
	<segmented>0</segmented>
	<object>
		<name>PET</name>
		<pose>Unspecified</pose>
		<truncated>0</truncated>
		<difficult>0</difficult>
		<bndbox>
			<xmin>17</xmin>
			<ymin>14</ymin>
			<xmax>181</xmax>
			<ymax>165</ymax>
		</bndbox>
	</object>
</annotation>
