<annotation>
	<folder>multi</folder>
	<filename>42.jpg</filename>
	<path>C:\Users\요셉\Desktop\waste_classification\train\multi\42.jpg</path>
	<source>
		<database>Unknown</database>
	</source>
	<size>
		<width>225</width>
		<height>225</height>
		<depth>3</depth>
	</size>
	<segmented>0</segmented>
	<object>
		<name>PET</name>
		<pose>Unspecified</pose>
		<truncated>0</truncated>
		<difficult>0</difficult>
		<bndbox>
			<xmin>21</xmin>
			<ymin>30</ymin>
			<xmax>65</xmax>
			<ymax>193</ymax>
		</bndbox>
	</object>
	<object>
		<name>PET</name>
		<pose>Unspecified</pose>
		<truncated>0</truncated>
		<difficult>0</difficult>
		<bndbox>
			<xmin>85</xmin>
			<ymin>41</ymin>
			<xmax>138</xmax>
			<ymax>195</ymax>
		</bndbox>
	</object>
	<object>
		<name>PET</name>
		<pose>Unspecified</pose>
		<truncated>0</truncated>
		<difficult>0</difficult>
		<bndbox>
			<xmin>156</xmin>
			<ymin>41</ymin>
			<xmax>206</xmax>
			<ymax>194</ymax>
		</bndbox>
	</object>
</annotation>
