<annotation>
	<folder>pet_1</folder>
	<filename>55.jpg</filename>
	<path>C:\Users\요셉\Desktop\waste_classification\train\pet_1\55.jpg</path>
	<source>
		<database>Unknown</database>
	</source>
	<size>
		<width>290</width>
		<height>174</height>
		<depth>3</depth>
	</size>
	<segmented>0</segmented>
	<object>
		<name>PET</name>
		<pose>Unspecified</pose>
		<truncated>0</truncated>
		<difficult>0</difficult>
		<bndbox>
			<xmin>69</xmin>
			<ymin>53</ymin>
			<xmax>285</xmax>
			<ymax>163</ymax>
		</bndbox>
	</object>
</annotation>
