<annotation>
	<folder>multi</folder>
	<filename>83.jpg</filename>
	<path>C:\Users\요셉\Desktop\waste_classification\train\multi\83.jpg</path>
	<source>
		<database>Unknown</database>
	</source>
	<size>
		<width>304</width>
		<height>166</height>
		<depth>3</depth>
	</size>
	<segmented>0</segmented>
	<object>
		<name>can</name>
		<pose>Unspecified</pose>
		<truncated>0</truncated>
		<difficult>0</difficult>
		<bndbox>
			<xmin>80</xmin>
			<ymin>12</ymin>
			<xmax>141</xmax>
			<ymax>132</ymax>
		</bndbox>
	</object>
	<object>
		<name>can</name>
		<pose>Unspecified</pose>
		<truncated>0</truncated>
		<difficult>0</difficult>
		<bndbox>
			<xmin>150</xmin>
			<ymin>5</ymin>
			<xmax>224</xmax>
			<ymax>141</ymax>
		</bndbox>
	</object>
</annotation>
