<annotation>
	<folder>multi</folder>
	<filename>a1.jpg</filename>
	<path>C:\Users\요셉\Desktop\waste_classification\train\multi\a1.jpg</path>
	<source>
		<database>Unknown</database>
	</source>
	<size>
		<width>1631</width>
		<height>993</height>
		<depth>3</depth>
	</size>
	<segmented>0</segmented>
	<object>
		<name>PET</name>
		<pose>Unspecified</pose>
		<truncated>0</truncated>
		<difficult>0</difficult>
		<bndbox>
			<xmin>457</xmin>
			<ymin>48</ymin>
			<xmax>763</xmax>
			<ymax>884</ymax>
		</bndbox>
	</object>
	<object>
		<name>PET</name>
		<pose>Unspecified</pose>
		<truncated>0</truncated>
		<difficult>0</difficult>
		<bndbox>
			<xmin>1149</xmin>
			<ymin>726</ymin>
			<xmax>1574</xmax>
			<ymax>904</ymax>
		</bndbox>
	</object>
	<object>
		<name>can</name>
		<pose>Unspecified</pose>
		<truncated>0</truncated>
		<difficult>0</difficult>
		<bndbox>
			<xmin>43</xmin>
			<ymin>79</ymin>
			<xmax>282</xmax>
			<ymax>704</ymax>
		</bndbox>
	</object>
	<object>
		<name>can</name>
		<pose>Unspecified</pose>
		<truncated>0</truncated>
		<difficult>0</difficult>
		<bndbox>
			<xmin>888</xmin>
			<ymin>679</ymin>
			<xmax>1007</xmax>
			<ymax>929</ymax>
		</bndbox>
	</object>
	<object>
		<name>can</name>
		<pose>Unspecified</pose>
		<truncated>0</truncated>
		<difficult>0</difficult>
		<bndbox>
			<xmin>854</xmin>
			<ymin>54</ymin>
			<xmax>1096</xmax>
			<ymax>618</ymax>
		</bndbox>
	</object>
	<object>
		<name>can</name>
		<pose>Unspecified</pose>
		<truncated>0</truncated>
		<difficult>0</difficult>
		<bndbox>
			<xmin>1243</xmin>
			<ymin>62</ymin>
			<xmax>1432</xmax>
			<ymax>426</ymax>
		</bndbox>
	</object>
	<object>
		<name>can</name>
		<pose>Unspecified</pose>
		<truncated>0</truncated>
		<difficult>0</difficult>
		<bndbox>
			<xmin>1277</xmin>
			<ymin>451</ymin>
			<xmax>1404</xmax>
			<ymax>659</ymax>
		</bndbox>
	</object>
</annotation>
