<annotation>
	<folder>multi</folder>
	<filename>a12.jpg</filename>
	<path>C:\Users\요셉\Desktop\waste_classification\train\multi\a12.jpg</path>
	<source>
		<database>Unknown</database>
	</source>
	<size>
		<width>825</width>
		<height>331</height>
		<depth>3</depth>
	</size>
	<segmented>0</segmented>
	<object>
		<name>PET</name>
		<pose>Unspecified</pose>
		<truncated>0</truncated>
		<difficult>0</difficult>
		<bndbox>
			<xmin>197</xmin>
			<ymin>92</ymin>
			<xmax>294</xmax>
			<ymax>251</ymax>
		</bndbox>
	</object>
	<object>
		<name>PET</name>
		<pose>Unspecified</pose>
		<truncated>0</truncated>
		<difficult>0</difficult>
		<bndbox>
			<xmin>88</xmin>
			<ymin>93</ymin>
			<xmax>185</xmax>
			<ymax>252</ymax>
		</bndbox>
	</object>
	<object>
		<name>PET</name>
		<pose>Unspecified</pose>
		<truncated>0</truncated>
		<difficult>0</difficult>
		<bndbox>
			<xmin>306</xmin>
			<ymin>92</ymin>
			<xmax>403</xmax>
			<ymax>251</ymax>
		</bndbox>
	</object>
	<object>
		<name>PET</name>
		<pose>Unspecified</pose>
		<truncated>0</truncated>
		<difficult>0</difficult>
		<bndbox>
			<xmin>420</xmin>
			<ymin>92</ymin>
			<xmax>517</xmax>
			<ymax>251</ymax>
		</bndbox>
	</object>
	<object>
		<name>PET</name>
		<pose>Unspecified</pose>
		<truncated>0</truncated>
		<difficult>0</difficult>
		<bndbox>
			<xmin>532</xmin>
			<ymin>92</ymin>
			<xmax>629</xmax>
			<ymax>251</ymax>
		</bndbox>
	</object>
	<object>
		<name>PET</name>
		<pose>Unspecified</pose>
		<truncated>0</truncated>
		<difficult>0</difficult>
		<bndbox>
			<xmin>652</xmin>
			<ymin>93</ymin>
			<xmax>749</xmax>
			<ymax>252</ymax>
		</bndbox>
	</object>
</annotation>
