<annotation>
	<folder>multi</folder>
	<filename>a13.jpg</filename>
	<path>C:\Users\요셉\Desktop\waste_classification\train\multi\a13.jpg</path>
	<source>
		<database>Unknown</database>
	</source>
	<size>
		<width>503</width>
		<height>344</height>
		<depth>3</depth>
	</size>
	<segmented>0</segmented>
	<object>
		<name>PET</name>
		<pose>Unspecified</pose>
		<truncated>0</truncated>
		<difficult>0</difficult>
		<bndbox>
			<xmin>306</xmin>
			<ymin>31</ymin>
			<xmax>402</xmax>
			<ymax>264</ymax>
		</bndbox>
	</object>
	<object>
		<name>can</name>
		<pose>Unspecified</pose>
		<truncated>0</truncated>
		<difficult>0</difficult>
		<bndbox>
			<xmin>90</xmin>
			<ymin>45</ymin>
			<xmax>185</xmax>
			<ymax>263</ymax>
		</bndbox>
	</object>
</annotation>
