<annotation>
	<folder>multi</folder>
	<filename>a14.jpg</filename>
	<path>C:\Users\요셉\Desktop\waste_classification\train\multi\a14.jpg</path>
	<source>
		<database>Unknown</database>
	</source>
	<size>
		<width>564</width>
		<height>319</height>
		<depth>3</depth>
	</size>
	<segmented>0</segmented>
	<object>
		<name>PET</name>
		<pose>Unspecified</pose>
		<truncated>0</truncated>
		<difficult>0</difficult>
		<bndbox>
			<xmin>329</xmin>
			<ymin>36</ymin>
			<xmax>419</xmax>
			<ymax>265</ymax>
		</bndbox>
	</object>
	<object>
		<name>can</name>
		<pose>Unspecified</pose>
		<truncated>0</truncated>
		<difficult>0</difficult>
		<bndbox>
			<xmin>109</xmin>
			<ymin>40</ymin>
			<xmax>241</xmax>
			<ymax>268</ymax>
		</bndbox>
	</object>
</annotation>
