<annotation>
	<folder>multi</folder>
	<filename>a15.jpg</filename>
	<path>C:\Users\요셉\Desktop\waste_classification\train\multi\a15.jpg</path>
	<source>
		<database>Unknown</database>
	</source>
	<size>
		<width>578</width>
		<height>362</height>
		<depth>3</depth>
	</size>
	<segmented>0</segmented>
	<object>
		<name>PET</name>
		<pose>Unspecified</pose>
		<truncated>0</truncated>
		<difficult>0</difficult>
		<bndbox>
			<xmin>338</xmin>
			<ymin>28</ymin>
			<xmax>450</xmax>
			<ymax>312</ymax>
		</bndbox>
	</object>
	<object>
		<name>can</name>
		<pose>Unspecified</pose>
		<truncated>0</truncated>
		<difficult>0</difficult>
		<bndbox>
			<xmin>118</xmin>
			<ymin>65</ymin>
			<xmax>244</xmax>
			<ymax>295</ymax>
		</bndbox>
	</object>
</annotation>
