<annotation>
	<folder>multi</folder>
	<filename>a16.jpg</filename>
	<path>C:\Users\요셉\Desktop\waste_classification\train\multi\a16.jpg</path>
	<source>
		<database>Unknown</database>
	</source>
	<size>
		<width>558</width>
		<height>341</height>
		<depth>3</depth>
	</size>
	<segmented>0</segmented>
	<object>
		<name>PET</name>
		<pose>Unspecified</pose>
		<truncated>0</truncated>
		<difficult>0</difficult>
		<bndbox>
			<xmin>342</xmin>
			<ymin>27</ymin>
			<xmax>442</xmax>
			<ymax>270</ymax>
		</bndbox>
	</object>
	<object>
		<name>can</name>
		<pose>Unspecified</pose>
		<truncated>0</truncated>
		<difficult>0</difficult>
		<bndbox>
			<xmin>103</xmin>
			<ymin>56</ymin>
			<xmax>242</xmax>
			<ymax>274</ymax>
		</bndbox>
	</object>
</annotation>
