<annotation>
	<folder>multi</folder>
	<filename>a17.jpg</filename>
	<path>C:\Users\요셉\Desktop\waste_classification\train\multi\a17.jpg</path>
	<source>
		<database>Unknown</database>
	</source>
	<size>
		<width>542</width>
		<height>321</height>
		<depth>3</depth>
	</size>
	<segmented>0</segmented>
	<object>
		<name>PET</name>
		<pose>Unspecified</pose>
		<truncated>0</truncated>
		<difficult>0</difficult>
		<bndbox>
			<xmin>76</xmin>
			<ymin>35</ymin>
			<xmax>166</xmax>
			<ymax>275</ymax>
		</bndbox>
	</object>
	<object>
		<name>PET</name>
		<pose>Unspecified</pose>
		<truncated>0</truncated>
		<difficult>0</difficult>
		<bndbox>
			<xmin>366</xmin>
			<ymin>35</ymin>
			<xmax>454</xmax>
			<ymax>270</ymax>
		</bndbox>
	</object>
	<object>
		<name>can</name>
		<pose>Unspecified</pose>
		<truncated>0</truncated>
		<difficult>0</difficult>
		<bndbox>
			<xmin>228</xmin>
			<ymin>60</ymin>
			<xmax>337</xmax>
			<ymax>238</ymax>
		</bndbox>
	</object>
</annotation>
