<annotation>
	<folder>multi</folder>
	<filename>a18.jpg</filename>
	<path>C:\Users\요셉\Desktop\waste_classification\train\multi\a18.jpg</path>
	<source>
		<database>Unknown</database>
	</source>
	<size>
		<width>642</width>
		<height>420</height>
		<depth>3</depth>
	</size>
	<segmented>0</segmented>
	<object>
		<name>PET</name>
		<pose>Unspecified</pose>
		<truncated>0</truncated>
		<difficult>0</difficult>
		<bndbox>
			<xmin>317</xmin>
			<ymin>88</ymin>
			<xmax>418</xmax>
			<ymax>322</ymax>
		</bndbox>
	</object>
	<object>
		<name>PET</name>
		<pose>Unspecified</pose>
		<truncated>0</truncated>
		<difficult>0</difficult>
		<bndbox>
			<xmin>493</xmin>
			<ymin>89</ymin>
			<xmax>583</xmax>
			<ymax>328</ymax>
		</bndbox>
	</object>
	<object>
		<name>can</name>
		<pose>Unspecified</pose>
		<truncated>0</truncated>
		<difficult>0</difficult>
		<bndbox>
			<xmin>108</xmin>
			<ymin>78</ymin>
			<xmax>243</xmax>
			<ymax>321</ymax>
		</bndbox>
	</object>
</annotation>
