<annotation>
	<folder>multi</folder>
	<filename>a19.jpg</filename>
	<path>C:\Users\요셉\Desktop\waste_classification\train\multi\a19.jpg</path>
	<source>
		<database>Unknown</database>
	</source>
	<size>
		<width>459</width>
		<height>468</height>
		<depth>3</depth>
	</size>
	<segmented>0</segmented>
	<object>
		<name>PET</name>
		<pose>Unspecified</pose>
		<truncated>0</truncated>
		<difficult>0</difficult>
		<bndbox>
			<xmin>301</xmin>
			<ymin>110</ymin>
			<xmax>415</xmax>
			<ymax>385</ymax>
		</bndbox>
	</object>
	<object>
		<name>can</name>
		<pose>Unspecified</pose>
		<truncated>0</truncated>
		<difficult>0</difficult>
		<bndbox>
			<xmin>126</xmin>
			<ymin>46</ymin>
			<xmax>222</xmax>
			<ymax>217</ymax>
		</bndbox>
	</object>
	<object>
		<name>can</name>
		<pose>Unspecified</pose>
		<truncated>0</truncated>
		<difficult>0</difficult>
		<bndbox>
			<xmin>131</xmin>
			<ymin>265</ymin>
			<xmax>231</xmax>
			<ymax>428</ymax>
		</bndbox>
	</object>
</annotation>
