<annotation>
	<folder>multi</folder>
	<filename>a2.jpg</filename>
	<path>C:\Users\요셉\Desktop\waste_classification\train\multi\a2.jpg</path>
	<source>
		<database>Unknown</database>
	</source>
	<size>
		<width>1631</width>
		<height>993</height>
		<depth>3</depth>
	</size>
	<segmented>0</segmented>
	<object>
		<name>PET</name>
		<pose>Unspecified</pose>
		<truncated>0</truncated>
		<difficult>0</difficult>
		<bndbox>
			<xmin>1218</xmin>
			<ymin>79</ymin>
			<xmax>1604</xmax>
			<ymax>293</ymax>
		</bndbox>
	</object>
	<object>
		<name>PET</name>
		<pose>Unspecified</pose>
		<truncated>0</truncated>
		<difficult>0</difficult>
		<bndbox>
			<xmin>138</xmin>
			<ymin>621</ymin>
			<xmax>538</xmax>
			<ymax>873</ymax>
		</bndbox>
	</object>
	<object>
		<name>can</name>
		<pose>Unspecified</pose>
		<truncated>0</truncated>
		<difficult>0</difficult>
		<bndbox>
			<xmin>60</xmin>
			<ymin>318</ymin>
			<xmax>390</xmax>
			<ymax>526</ymax>
		</bndbox>
	</object>
	<object>
		<name>can</name>
		<pose>Unspecified</pose>
		<truncated>0</truncated>
		<difficult>0</difficult>
		<bndbox>
			<xmin>271</xmin>
			<ymin>121</ymin>
			<xmax>513</xmax>
			<ymax>246</ymax>
		</bndbox>
	</object>
	<object>
		<name>can</name>
		<pose>Unspecified</pose>
		<truncated>0</truncated>
		<difficult>0</difficult>
		<bndbox>
			<xmin>682</xmin>
			<ymin>98</ymin>
			<xmax>857</xmax>
			<ymax>379</ymax>
		</bndbox>
	</object>
	<object>
		<name>can</name>
		<pose>Unspecified</pose>
		<truncated>0</truncated>
		<difficult>0</difficult>
		<bndbox>
			<xmin>963</xmin>
			<ymin>12</ymin>
			<xmax>1160</xmax>
			<ymax>368</ymax>
		</bndbox>
	</object>
	<object>
		<name>can</name>
		<pose>Unspecified</pose>
		<truncated>0</truncated>
		<difficult>0</difficult>
		<bndbox>
			<xmin>1182</xmin>
			<ymin>504</ymin>
			<xmax>1499</xmax>
			<ymax>834</ymax>
		</bndbox>
	</object>
	<object>
		<name>can</name>
		<pose>Unspecified</pose>
		<truncated>0</truncated>
		<difficult>0</difficult>
		<bndbox>
			<xmin>602</xmin>
			<ymin>504</ymin>
			<xmax>807</xmax>
			<ymax>862</ymax>
		</bndbox>
	</object>
</annotation>
