<annotation>
	<folder>multi</folder>
	<filename>a22.jpg</filename>
	<path>C:\Users\요셉\Desktop\waste_classification\train\multi\a22.jpg</path>
	<source>
		<database>Unknown</database>
	</source>
	<size>
		<width>709</width>
		<height>572</height>
		<depth>3</depth>
	</size>
	<segmented>0</segmented>
	<object>
		<name>PET</name>
		<pose>Unspecified</pose>
		<truncated>0</truncated>
		<difficult>0</difficult>
		<bndbox>
			<xmin>38</xmin>
			<ymin>384</ymin>
			<xmax>275</xmax>
			<ymax>493</ymax>
		</bndbox>
	</object>
	<object>
		<name>PET</name>
		<pose>Unspecified</pose>
		<truncated>0</truncated>
		<difficult>0</difficult>
		<bndbox>
			<xmin>362</xmin>
			<ymin>316</ymin>
			<xmax>604</xmax>
			<ymax>426</ymax>
		</bndbox>
	</object>
	<object>
		<name>PET</name>
		<pose>Unspecified</pose>
		<truncated>0</truncated>
		<difficult>0</difficult>
		<bndbox>
			<xmin>397</xmin>
			<ymin>100</ymin>
			<xmax>628</xmax>
			<ymax>222</ymax>
		</bndbox>
	</object>
	<object>
		<name>PET</name>
		<pose>Unspecified</pose>
		<truncated>0</truncated>
		<difficult>0</difficult>
		<bndbox>
			<xmin>75</xmin>
			<ymin>181</ymin>
			<xmax>316</xmax>
			<ymax>292</ymax>
		</bndbox>
	</object>
	<object>
		<name>PET</name>
		<pose>Unspecified</pose>
		<truncated>0</truncated>
		<difficult>0</difficult>
		<bndbox>
			<xmin>34</xmin>
			<ymin>38</ymin>
			<xmax>265</xmax>
			<ymax>146</ymax>
		</bndbox>
	</object>
</annotation>
