<annotation>
	<folder>multi</folder>
	<filename>a24.jpg</filename>
	<path>C:\Users\요셉\Desktop\waste_classification\train\multi\a24.jpg</path>
	<source>
		<database>Unknown</database>
	</source>
	<size>
		<width>955</width>
		<height>613</height>
		<depth>3</depth>
	</size>
	<segmented>0</segmented>
	<object>
		<name>PET</name>
		<pose>Unspecified</pose>
		<truncated>0</truncated>
		<difficult>0</difficult>
		<bndbox>
			<xmin>555</xmin>
			<ymin>37</ymin>
			<xmax>701</xmax>
			<ymax>293</ymax>
		</bndbox>
	</object>
	<object>
		<name>PET</name>
		<pose>Unspecified</pose>
		<truncated>0</truncated>
		<difficult>0</difficult>
		<bndbox>
			<xmin>382</xmin>
			<ymin>319</ymin>
			<xmax>523</xmax>
			<ymax>577</ymax>
		</bndbox>
	</object>
	<object>
		<name>can</name>
		<pose>Unspecified</pose>
		<truncated>0</truncated>
		<difficult>0</difficult>
		<bndbox>
			<xmin>183</xmin>
			<ymin>224</ymin>
			<xmax>365</xmax>
			<ymax>401</ymax>
		</bndbox>
	</object>
	<object>
		<name>can</name>
		<pose>Unspecified</pose>
		<truncated>0</truncated>
		<difficult>0</difficult>
		<bndbox>
			<xmin>31</xmin>
			<ymin>24</ymin>
			<xmax>191</xmax>
			<ymax>203</ymax>
		</bndbox>
	</object>
	<object>
		<name>can</name>
		<pose>Unspecified</pose>
		<truncated>0</truncated>
		<difficult>0</difficult>
		<bndbox>
			<xmin>360</xmin>
			<ymin>47</ymin>
			<xmax>529</xmax>
			<ymax>216</ymax>
		</bndbox>
	</object>
	<object>
		<name>can</name>
		<pose>Unspecified</pose>
		<truncated>0</truncated>
		<difficult>0</difficult>
		<bndbox>
			<xmin>721</xmin>
			<ymin>90</ymin>
			<xmax>888</xmax>
			<ymax>272</ymax>
		</bndbox>
	</object>
</annotation>
