<annotation>
	<folder>multi</folder>
	<filename>a25.jpg</filename>
	<path>C:\Users\요셉\Desktop\waste_classification\train\multi\a25.jpg</path>
	<source>
		<database>Unknown</database>
	</source>
	<size>
		<width>0</width>
		<height>0</height>
		<depth>3</depth>
	</size>
	<segmented>0</segmented>
	<object>
		<name>PET</name>
		<pose>Unspecified</pose>
		<truncated>0</truncated>
		<difficult>0</difficult>
		<bndbox>
			<xmin>651</xmin>
			<ymin>17</ymin>
			<xmax>944</xmax>
			<ymax>832</ymax>
		</bndbox>
	</object>
	<object>
		<name>can</name>
		<pose>Unspecified</pose>
		<truncated>0</truncated>
		<difficult>0</difficult>
		<bndbox>
			<xmin>349</xmin>
			<ymin>80</ymin>
			<xmax>596</xmax>
			<ymax>720</ymax>
		</bndbox>
	</object>
	<object>
		<name>can</name>
		<pose>Unspecified</pose>
		<truncated>0</truncated>
		<difficult>0</difficult>
		<bndbox>
			<xmin>49</xmin>
			<ymin>85</ymin>
			<xmax>286</xmax>
			<ymax>702</ymax>
		</bndbox>
	</object>
	<object>
		<name>can</name>
		<pose>Unspecified</pose>
		<truncated>0</truncated>
		<difficult>0</difficult>
		<bndbox>
			<xmin>1099</xmin>
			<ymin>177</ymin>
			<xmax>1336</xmax>
			<ymax>722</ymax>
		</bndbox>
	</object>
</annotation>
