<annotation>
	<folder>multi</folder>
	<filename>a29.jpg</filename>
	<path>C:\Users\요셉\Desktop\waste_classification\train\multi\a29.jpg</path>
	<source>
		<database>Unknown</database>
	</source>
	<size>
		<width>840</width>
		<height>614</height>
		<depth>3</depth>
	</size>
	<segmented>0</segmented>
	<object>
		<name>PET</name>
		<pose>Unspecified</pose>
		<truncated>0</truncated>
		<difficult>0</difficult>
		<bndbox>
			<xmin>411</xmin>
			<ymin>167</ymin>
			<xmax>559</xmax>
			<ymax>456</ymax>
		</bndbox>
	</object>
	<object>
		<name>PET</name>
		<pose>Unspecified</pose>
		<truncated>0</truncated>
		<difficult>0</difficult>
		<bndbox>
			<xmin>549</xmin>
			<ymin>141</ymin>
			<xmax>658</xmax>
			<ymax>454</ymax>
		</bndbox>
	</object>
	<object>
		<name>can</name>
		<pose>Unspecified</pose>
		<truncated>0</truncated>
		<difficult>0</difficult>
		<bndbox>
			<xmin>142</xmin>
			<ymin>217</ymin>
			<xmax>271</xmax>
			<ymax>440</ymax>
		</bndbox>
	</object>
</annotation>
