<annotation>
	<folder>multi</folder>
	<filename>a32.jpg</filename>
	<path>C:\Users\요셉\Desktop\waste_classification\train\multi\a32.jpg</path>
	<source>
		<database>Unknown</database>
	</source>
	<size>
		<width>840</width>
		<height>614</height>
		<depth>3</depth>
	</size>
	<segmented>0</segmented>
	<object>
		<name>PET</name>
		<pose>Unspecified</pose>
		<truncated>0</truncated>
		<difficult>0</difficult>
		<bndbox>
			<xmin>427</xmin>
			<ymin>194</ymin>
			<xmax>797</xmax>
			<ymax>350</ymax>
		</bndbox>
	</object>
	<object>
		<name>PET</name>
		<pose>Unspecified</pose>
		<truncated>0</truncated>
		<difficult>0</difficult>
		<bndbox>
			<xmin>255</xmin>
			<ymin>106</ymin>
			<xmax>418</xmax>
			<ymax>456</ymax>
		</bndbox>
	</object>
	<object>
		<name>PET</name>
		<pose>Unspecified</pose>
		<truncated>0</truncated>
		<difficult>0</difficult>
		<bndbox>
			<xmin>94</xmin>
			<ymin>111</ymin>
			<xmax>237</xmax>
			<ymax>456</ymax>
		</bndbox>
	</object>
</annotation>
