<annotation>
	<folder>multi</folder>
	<filename>a4.jpg</filename>
	<path>C:\Users\요셉\Desktop\waste_classification\train\multi\a4.jpg</path>
	<source>
		<database>Unknown</database>
	</source>
	<size>
		<width>844</width>
		<height>535</height>
		<depth>3</depth>
	</size>
	<segmented>0</segmented>
	<object>
		<name>PET</name>
		<pose>Unspecified</pose>
		<truncated>0</truncated>
		<difficult>0</difficult>
		<bndbox>
			<xmin>87</xmin>
			<ymin>238</ymin>
			<xmax>216</xmax>
			<ymax>497</ymax>
		</bndbox>
	</object>
	<object>
		<name>PET</name>
		<pose>Unspecified</pose>
		<truncated>1</truncated>
		<difficult>0</difficult>
		<bndbox>
			<xmin>56</xmin>
			<ymin>1</ymin>
			<xmax>191</xmax>
			<ymax>229</ymax>
		</bndbox>
	</object>
	<object>
		<name>PET</name>
		<pose>Unspecified</pose>
		<truncated>0</truncated>
		<difficult>0</difficult>
		<bndbox>
			<xmin>269</xmin>
			<ymin>26</ymin>
			<xmax>393</xmax>
			<ymax>254</ymax>
		</bndbox>
	</object>
	<object>
		<name>PET</name>
		<pose>Unspecified</pose>
		<truncated>0</truncated>
		<difficult>0</difficult>
		<bndbox>
			<xmin>303</xmin>
			<ymin>323</ymin>
			<xmax>551</xmax>
			<ymax>467</ymax>
		</bndbox>
	</object>
	<object>
		<name>PET</name>
		<pose>Unspecified</pose>
		<truncated>0</truncated>
		<difficult>0</difficult>
		<bndbox>
			<xmin>581</xmin>
			<ymin>262</ymin>
			<xmax>832</xmax>
			<ymax>383</ymax>
		</bndbox>
	</object>
	<object>
		<name>PET</name>
		<pose>Unspecified</pose>
		<truncated>0</truncated>
		<difficult>0</difficult>
		<bndbox>
			<xmin>491</xmin>
			<ymin>22</ymin>
			<xmax>607</xmax>
			<ymax>259</ymax>
		</bndbox>
	</object>
</annotation>
