<annotation>
	<folder>multi</folder>
	<filename>a45.jpg</filename>
	<path>C:\Users\요셉\Desktop\waste_classification\train\multi\a45.jpg</path>
	<source>
		<database>Unknown</database>
	</source>
	<size>
		<width>708</width>
		<height>582</height>
		<depth>3</depth>
	</size>
	<segmented>0</segmented>
	<object>
		<name>PET</name>
		<pose>Unspecified</pose>
		<truncated>0</truncated>
		<difficult>0</difficult>
		<bndbox>
			<xmin>133</xmin>
			<ymin>157</ymin>
			<xmax>264</xmax>
			<ymax>438</ymax>
		</bndbox>
	</object>
	<object>
		<name>PET</name>
		<pose>Unspecified</pose>
		<truncated>0</truncated>
		<difficult>0</difficult>
		<bndbox>
			<xmin>400</xmin>
			<ymin>169</ymin>
			<xmax>545</xmax>
			<ymax>461</ymax>
		</bndbox>
	</object>
</annotation>
