<annotation>
	<folder>multi</folder>
	<filename>a46.jpg</filename>
	<path>C:\Users\요셉\Desktop\waste_classification\train\multi\a46.jpg</path>
	<source>
		<database>Unknown</database>
	</source>
	<size>
		<width>708</width>
		<height>582</height>
		<depth>3</depth>
	</size>
	<segmented>0</segmented>
	<object>
		<name>PET</name>
		<pose>Unspecified</pose>
		<truncated>0</truncated>
		<difficult>0</difficult>
		<bndbox>
			<xmin>171</xmin>
			<ymin>84</ymin>
			<xmax>543</xmax>
			<ymax>281</ymax>
		</bndbox>
	</object>
	<object>
		<name>PET</name>
		<pose>Unspecified</pose>
		<truncated>0</truncated>
		<difficult>0</difficult>
		<bndbox>
			<xmin>281</xmin>
			<ymin>331</ymin>
			<xmax>461</xmax>
			<ymax>517</ymax>
		</bndbox>
	</object>
</annotation>
