<annotation>
	<folder>multi</folder>
	<filename>a49.jpg</filename>
	<path>C:\Users\요셉\Desktop\waste_classification\train\multi\a49.jpg</path>
	<source>
		<database>Unknown</database>
	</source>
	<size>
		<width>708</width>
		<height>582</height>
		<depth>3</depth>
	</size>
	<segmented>0</segmented>
	<object>
		<name>PET</name>
		<pose>Unspecified</pose>
		<truncated>0</truncated>
		<difficult>0</difficult>
		<bndbox>
			<xmin>122</xmin>
			<ymin>151</ymin>
			<xmax>237</xmax>
			<ymax>386</ymax>
		</bndbox>
	</object>
	<object>
		<name>PET</name>
		<pose>Unspecified</pose>
		<truncated>0</truncated>
		<difficult>0</difficult>
		<bndbox>
			<xmin>388</xmin>
			<ymin>117</ymin>
			<xmax>538</xmax>
			<ymax>287</ymax>
		</bndbox>
	</object>
	<object>
		<name>PET</name>
		<pose>Unspecified</pose>
		<truncated>0</truncated>
		<difficult>0</difficult>
		<bndbox>
			<xmin>362</xmin>
			<ymin>384</ymin>
			<xmax>584</xmax>
			<ymax>531</ymax>
		</bndbox>
	</object>
</annotation>
