<annotation>
	<folder>multi</folder>
	<filename>a5.jpg</filename>
	<path>C:\Users\요셉\Desktop\waste_classification\train\multi\a5.jpg</path>
	<source>
		<database>Unknown</database>
	</source>
	<size>
		<width>872</width>
		<height>570</height>
		<depth>3</depth>
	</size>
	<segmented>0</segmented>
	<object>
		<name>PET</name>
		<pose>Unspecified</pose>
		<truncated>0</truncated>
		<difficult>0</difficult>
		<bndbox>
			<xmin>53</xmin>
			<ymin>22</ymin>
			<xmax>162</xmax>
			<ymax>258</ymax>
		</bndbox>
	</object>
	<object>
		<name>PET</name>
		<pose>Unspecified</pose>
		<truncated>0</truncated>
		<difficult>0</difficult>
		<bndbox>
			<xmin>296</xmin>
			<ymin>158</ymin>
			<xmax>417</xmax>
			<ymax>252</ymax>
		</bndbox>
	</object>
	<object>
		<name>PET</name>
		<pose>Unspecified</pose>
		<truncated>0</truncated>
		<difficult>0</difficult>
		<bndbox>
			<xmin>259</xmin>
			<ymin>65</ymin>
			<xmax>355</xmax>
			<ymax>198</ymax>
		</bndbox>
	</object>
	<object>
		<name>PET</name>
		<pose>Unspecified</pose>
		<truncated>0</truncated>
		<difficult>0</difficult>
		<bndbox>
			<xmin>491</xmin>
			<ymin>67</ymin>
			<xmax>652</xmax>
			<ymax>224</ymax>
		</bndbox>
	</object>
	<object>
		<name>PET</name>
		<pose>Unspecified</pose>
		<truncated>0</truncated>
		<difficult>0</difficult>
		<bndbox>
			<xmin>708</xmin>
			<ymin>113</ymin>
			<xmax>789</xmax>
			<ymax>307</ymax>
		</bndbox>
	</object>
	<object>
		<name>PET</name>
		<pose>Unspecified</pose>
		<truncated>0</truncated>
		<difficult>0</difficult>
		<bndbox>
			<xmin>416</xmin>
			<ymin>325</ymin>
			<xmax>623</xmax>
			<ymax>504</ymax>
		</bndbox>
	</object>
	<object>
		<name>PET</name>
		<pose>Unspecified</pose>
		<truncated>0</truncated>
		<difficult>0</difficult>
		<bndbox>
			<xmin>96</xmin>
			<ymin>295</ymin>
			<xmax>280</xmax>
			<ymax>537</ymax>
		</bndbox>
	</object>
</annotation>
