<annotation>
	<folder>multi</folder>
	<filename>b_0_3461.jpg</filename>
	<path>C:\Users\요셉\Desktop\waste_classification\train\multi\b_0_3461.jpg</path>
	<source>
		<database>Unknown</database>
	</source>
	<size>
		<width>416</width>
		<height>416</height>
		<depth>3</depth>
	</size>
	<segmented>0</segmented>
	<object>
		<name>PET</name>
		<pose>Unspecified</pose>
		<truncated>0</truncated>
		<difficult>0</difficult>
		<bndbox>
			<xmin>50</xmin>
			<ymin>60</ymin>
			<xmax>194</xmax>
			<ymax>201</ymax>
		</bndbox>
	</object>
	<object>
		<name>PET</name>
		<pose>Unspecified</pose>
		<truncated>0</truncated>
		<difficult>0</difficult>
		<bndbox>
			<xmin>97</xmin>
			<ymin>101</ymin>
			<xmax>253</xmax>
			<ymax>271</ymax>
		</bndbox>
	</object>
	<object>
		<name>can</name>
		<pose>Unspecified</pose>
		<truncated>0</truncated>
		<difficult>0</difficult>
		<bndbox>
			<xmin>183</xmin>
			<ymin>194</ymin>
			<xmax>316</xmax>
			<ymax>325</ymax>
		</bndbox>
	</object>
	<object>
		<name>can</name>
		<pose>Unspecified</pose>
		<truncated>0</truncated>
		<difficult>0</difficult>
		<bndbox>
			<xmin>244</xmin>
			<ymin>243</ymin>
			<xmax>377</xmax>
			<ymax>389</ymax>
		</bndbox>
	</object>
</annotation>
