<annotation>
	<folder>multi</folder>
	<filename>b_0_3895.jpg</filename>
	<path>C:\Users\요셉\Desktop\waste_classification\train\multi\b_0_3895.jpg</path>
	<source>
		<database>Unknown</database>
	</source>
	<size>
		<width>416</width>
		<height>416</height>
		<depth>3</depth>
	</size>
	<segmented>0</segmented>
	<object>
		<name>PET</name>
		<pose>Unspecified</pose>
		<truncated>1</truncated>
		<difficult>0</difficult>
		<bndbox>
			<xmin>157</xmin>
			<ymin>36</ymin>
			<xmax>416</xmax>
			<ymax>412</ymax>
		</bndbox>
	</object>
	<object>
		<name>can</name>
		<pose>Unspecified</pose>
		<truncated>0</truncated>
		<difficult>0</difficult>
		<bndbox>
			<xmin>2</xmin>
			<ymin>77</ymin>
			<xmax>199</xmax>
			<ymax>377</ymax>
		</bndbox>
	</object>
</annotation>
