<annotation>
	<folder>multi</folder>
	<filename>b_0_3297.jpg</filename>
	<path>C:\Users\요셉\Desktop\waste_classification\train\multi\b_0_3297.jpg</path>
	<source>
		<database>Unknown</database>
	</source>
	<size>
		<width>416</width>
		<height>416</height>
		<depth>3</depth>
	</size>
	<segmented>0</segmented>
	<object>
		<name>PET</name>
		<pose>Unspecified</pose>
		<truncated>0</truncated>
		<difficult>0</difficult>
		<bndbox>
			<xmin>61</xmin>
			<ymin>162</ymin>
			<xmax>206</xmax>
			<ymax>362</ymax>
		</bndbox>
	</object>
	<object>
		<name>PET</name>
		<pose>Unspecified</pose>
		<truncated>0</truncated>
		<difficult>0</difficult>
		<bndbox>
			<xmin>146</xmin>
			<ymin>123</ymin>
			<xmax>294</xmax>
			<ymax>324</ymax>
		</bndbox>
	</object>
	<object>
		<name>PET</name>
		<pose>Unspecified</pose>
		<truncated>0</truncated>
		<difficult>0</difficult>
		<bndbox>
			<xmin>250</xmin>
			<ymin>64</ymin>
			<xmax>390</xmax>
			<ymax>267</ymax>
		</bndbox>
	</object>
</annotation>
