<annotation>
	<folder>multi</folder>
	<filename>b_0_6872.jpg</filename>
	<path>C:\Users\요셉\Desktop\waste_classification\train\multi\b_0_6872.jpg</path>
	<source>
		<database>Unknown</database>
	</source>
	<size>
		<width>416</width>
		<height>416</height>
		<depth>3</depth>
	</size>
	<segmented>0</segmented>
	<object>
		<name>PET</name>
		<pose>Unspecified</pose>
		<truncated>0</truncated>
		<difficult>0</difficult>
		<bndbox>
			<xmin>38</xmin>
			<ymin>168</ymin>
			<xmax>182</xmax>
			<ymax>288</ymax>
		</bndbox>
	</object>
	<object>
		<name>PET</name>
		<pose>Unspecified</pose>
		<truncated>0</truncated>
		<difficult>0</difficult>
		<bndbox>
			<xmin>199</xmin>
			<ymin>75</ymin>
			<xmax>367</xmax>
			<ymax>298</ymax>
		</bndbox>
	</object>
</annotation>
