<annotation>
	<folder>multi</folder>
	<filename>b_0_8110.jpg</filename>
	<path>C:\Users\요셉\Desktop\waste_classification\train\multi\b_0_8110.jpg</path>
	<source>
		<database>Unknown</database>
	</source>
	<size>
		<width>416</width>
		<height>416</height>
		<depth>3</depth>
	</size>
	<segmented>0</segmented>
	<object>
		<name>PET</name>
		<pose>Unspecified</pose>
		<truncated>0</truncated>
		<difficult>0</difficult>
		<bndbox>
			<xmin>174</xmin>
			<ymin>25</ymin>
			<xmax>390</xmax>
			<ymax>167</ymax>
		</bndbox>
	</object>
	<object>
		<name>PET</name>
		<pose>Unspecified</pose>
		<truncated>0</truncated>
		<difficult>0</difficult>
		<bndbox>
			<xmin>141</xmin>
			<ymin>104</ymin>
			<xmax>360</xmax>
			<ymax>238</ymax>
		</bndbox>
	</object>
	<object>
		<name>PET</name>
		<pose>Unspecified</pose>
		<truncated>0</truncated>
		<difficult>0</difficult>
		<bndbox>
			<xmin>116</xmin>
			<ymin>205</ymin>
			<xmax>244</xmax>
			<ymax>398</ymax>
		</bndbox>
	</object>
</annotation>
