<annotation>
	<folder>multi</folder>
	<filename>b_0_8295.jpg</filename>
	<path>C:\Users\요셉\Desktop\waste_classification\train\multi\b_0_8295.jpg</path>
	<source>
		<database>Unknown</database>
	</source>
	<size>
		<width>416</width>
		<height>416</height>
		<depth>3</depth>
	</size>
	<segmented>0</segmented>
	<object>
		<name>PET</name>
		<pose>Unspecified</pose>
		<truncated>0</truncated>
		<difficult>0</difficult>
		<bndbox>
			<xmin>98</xmin>
			<ymin>194</ymin>
			<xmax>336</xmax>
			<ymax>272</ymax>
		</bndbox>
	</object>
	<object>
		<name>PET</name>
		<pose>Unspecified</pose>
		<truncated>0</truncated>
		<difficult>0</difficult>
		<bndbox>
			<xmin>81</xmin>
			<ymin>311</ymin>
			<xmax>310</xmax>
			<ymax>387</ymax>
		</bndbox>
	</object>
	<object>
		<name>can</name>
		<pose>Unspecified</pose>
		<truncated>0</truncated>
		<difficult>0</difficult>
		<bndbox>
			<xmin>111</xmin>
			<ymin>59</ymin>
			<xmax>370</xmax>
			<ymax>160</ymax>
		</bndbox>
	</object>
</annotation>
