<annotation>
	<folder>multi</folder>
	<filename>b_0_5176.jpg</filename>
	<path>C:\Users\요셉\Desktop\waste_classification\train\multi\b_0_5176.jpg</path>
	<source>
		<database>Unknown</database>
	</source>
	<size>
		<width>416</width>
		<height>416</height>
		<depth>3</depth>
	</size>
	<segmented>0</segmented>
	<object>
		<name>PET</name>
		<pose>Unspecified</pose>
		<truncated>0</truncated>
		<difficult>0</difficult>
		<bndbox>
			<xmin>227</xmin>
			<ymin>50</ymin>
			<xmax>407</xmax>
			<ymax>261</ymax>
		</bndbox>
	</object>
	<object>
		<name>can</name>
		<pose>Unspecified</pose>
		<truncated>0</truncated>
		<difficult>0</difficult>
		<bndbox>
			<xmin>47</xmin>
			<ymin>84</ymin>
			<xmax>187</xmax>
			<ymax>238</ymax>
		</bndbox>
	</object>
	<object>
		<name>can</name>
		<pose>Unspecified</pose>
		<truncated>0</truncated>
		<difficult>0</difficult>
		<bndbox>
			<xmin>154</xmin>
			<ymin>237</ymin>
			<xmax>294</xmax>
			<ymax>396</ymax>
		</bndbox>
	</object>
</annotation>
