<annotation>
	<folder>multi</folder>
	<filename>b_0_6141.jpg</filename>
	<path>C:\Users\요셉\Desktop\waste_classification\train\multi\b_0_6141.jpg</path>
	<source>
		<database>Unknown</database>
	</source>
	<size>
		<width>416</width>
		<height>416</height>
		<depth>3</depth>
	</size>
	<segmented>0</segmented>
	<object>
		<name>PET</name>
		<pose>Unspecified</pose>
		<truncated>0</truncated>
		<difficult>0</difficult>
		<bndbox>
			<xmin>94</xmin>
			<ymin>28</ymin>
			<xmax>304</xmax>
			<ymax>398</ymax>
		</bndbox>
	</object>
	<object>
		<name>can</name>
		<pose>Unspecified</pose>
		<truncated>0</truncated>
		<difficult>0</difficult>
		<bndbox>
			<xmin>14</xmin>
			<ymin>30</ymin>
			<xmax>160</xmax>
			<ymax>270</ymax>
		</bndbox>
	</object>
	<object>
		<name>can</name>
		<pose>Unspecified</pose>
		<truncated>0</truncated>
		<difficult>0</difficult>
		<bndbox>
			<xmin>182</xmin>
			<ymin>123</ymin>
			<xmax>348</xmax>
			<ymax>402</ymax>
		</bndbox>
	</object>
	<object>
		<name>can</name>
		<pose>Unspecified</pose>
		<truncated>1</truncated>
		<difficult>0</difficult>
		<bndbox>
			<xmin>252</xmin>
			<ymin>165</ymin>
			<xmax>416</xmax>
			<ymax>414</ymax>
		</bndbox>
	</object>
</annotation>
