<annotation>
	<folder>multi</folder>
	<filename>b_0_2788.jpg</filename>
	<path>C:\Users\요셉\Desktop\waste_classification\train\multi\b_0_2788.jpg</path>
	<source>
		<database>Unknown</database>
	</source>
	<size>
		<width>416</width>
		<height>416</height>
		<depth>3</depth>
	</size>
	<segmented>0</segmented>
	<object>
		<name>PET</name>
		<pose>Unspecified</pose>
		<truncated>0</truncated>
		<difficult>0</difficult>
		<bndbox>
			<xmin>100</xmin>
			<ymin>138</ymin>
			<xmax>274</xmax>
			<ymax>326</ymax>
		</bndbox>
	</object>
	<object>
		<name>PET</name>
		<pose>Unspecified</pose>
		<truncated>0</truncated>
		<difficult>0</difficult>
		<bndbox>
			<xmin>27</xmin>
			<ymin>211</ymin>
			<xmax>187</xmax>
			<ymax>394</ymax>
		</bndbox>
	</object>
	<object>
		<name>can</name>
		<pose>Unspecified</pose>
		<truncated>0</truncated>
		<difficult>0</difficult>
		<bndbox>
			<xmin>196</xmin>
			<ymin>50</ymin>
			<xmax>397</xmax>
			<ymax>261</ymax>
		</bndbox>
	</object>
</annotation>
