<annotation>
	<folder>multi</folder>
	<filename>b_0_5010.jpg</filename>
	<path>C:\Users\요셉\Desktop\waste_classification\train\multi\b_0_5010.jpg</path>
	<source>
		<database>Unknown</database>
	</source>
	<size>
		<width>416</width>
		<height>416</height>
		<depth>3</depth>
	</size>
	<segmented>0</segmented>
	<object>
		<name>PET</name>
		<pose>Unspecified</pose>
		<truncated>0</truncated>
		<difficult>0</difficult>
		<bndbox>
			<xmin>113</xmin>
			<ymin>114</ymin>
			<xmax>314</xmax>
			<ymax>314</ymax>
		</bndbox>
	</object>
	<object>
		<name>can</name>
		<pose>Unspecified</pose>
		<truncated>0</truncated>
		<difficult>0</difficult>
		<bndbox>
			<xmin>26</xmin>
			<ymin>222</ymin>
			<xmax>193</xmax>
			<ymax>374</ymax>
		</bndbox>
	</object>
	<object>
		<name>can</name>
		<pose>Unspecified</pose>
		<truncated>0</truncated>
		<difficult>0</difficult>
		<bndbox>
			<xmin>270</xmin>
			<ymin>137</ymin>
			<xmax>363</xmax>
			<ymax>232</ymax>
		</bndbox>
	</object>
	<object>
		<name>can</name>
		<pose>Unspecified</pose>
		<truncated>0</truncated>
		<difficult>0</difficult>
		<bndbox>
			<xmin>250</xmin>
			<ymin>34</ymin>
			<xmax>399</xmax>
			<ymax>167</ymax>
		</bndbox>
	</object>
</annotation>
