<annotation>
	<folder>multi</folder>
	<filename>b_0_5056.jpg</filename>
	<path>C:\Users\요셉\Desktop\waste_classification\train\multi\b_0_5056.jpg</path>
	<source>
		<database>Unknown</database>
	</source>
	<size>
		<width>416</width>
		<height>416</height>
		<depth>3</depth>
	</size>
	<segmented>0</segmented>
	<object>
		<name>PET</name>
		<pose>Unspecified</pose>
		<truncated>0</truncated>
		<difficult>0</difficult>
		<bndbox>
			<xmin>182</xmin>
			<ymin>14</ymin>
			<xmax>360</xmax>
			<ymax>320</ymax>
		</bndbox>
	</object>
	<object>
		<name>can</name>
		<pose>Unspecified</pose>
		<truncated>0</truncated>
		<difficult>0</difficult>
		<bndbox>
			<xmin>53</xmin>
			<ymin>109</ymin>
			<xmax>220</xmax>
			<ymax>359</ymax>
		</bndbox>
	</object>
</annotation>
