<annotation>
	<folder>multi</folder>
	<filename>b_0_3127.jpg</filename>
	<path>C:\Users\요셉\Desktop\waste_classification\train\multi\b_0_3127.jpg</path>
	<source>
		<database>Unknown</database>
	</source>
	<size>
		<width>416</width>
		<height>416</height>
		<depth>3</depth>
	</size>
	<segmented>0</segmented>
	<object>
		<name>PET</name>
		<pose>Unspecified</pose>
		<truncated>0</truncated>
		<difficult>0</difficult>
		<bndbox>
			<xmin>26</xmin>
			<ymin>116</ymin>
			<xmax>154</xmax>
			<ymax>229</ymax>
		</bndbox>
	</object>
	<object>
		<name>PET</name>
		<pose>Unspecified</pose>
		<truncated>1</truncated>
		<difficult>0</difficult>
		<bndbox>
			<xmin>184</xmin>
			<ymin>1</ymin>
			<xmax>301</xmax>
			<ymax>116</ymax>
		</bndbox>
	</object>
	<object>
		<name>PET</name>
		<pose>Unspecified</pose>
		<truncated>1</truncated>
		<difficult>0</difficult>
		<bndbox>
			<xmin>235</xmin>
			<ymin>135</ymin>
			<xmax>416</xmax>
			<ymax>336</ymax>
		</bndbox>
	</object>
	<object>
		<name>PET</name>
		<pose>Unspecified</pose>
		<truncated>1</truncated>
		<difficult>0</difficult>
		<bndbox>
			<xmin>112</xmin>
			<ymin>311</ymin>
			<xmax>231</xmax>
			<ymax>416</ymax>
		</bndbox>
	</object>
</annotation>
