<annotation>
	<folder>multi</folder>
	<filename>b_0_2993.jpg</filename>
	<path>C:\Users\요셉\Desktop\waste_classification\train\multi\b_0_2993.jpg</path>
	<source>
		<database>Unknown</database>
	</source>
	<size>
		<width>416</width>
		<height>416</height>
		<depth>3</depth>
	</size>
	<segmented>0</segmented>
	<object>
		<name>PET</name>
		<pose>Unspecified</pose>
		<truncated>0</truncated>
		<difficult>0</difficult>
		<bndbox>
			<xmin>146</xmin>
			<ymin>96</ymin>
			<xmax>285</xmax>
			<ymax>357</ymax>
		</bndbox>
	</object>
	<object>
		<name>can</name>
		<pose>Unspecified</pose>
		<truncated>0</truncated>
		<difficult>0</difficult>
		<bndbox>
			<xmin>69</xmin>
			<ymin>143</ymin>
			<xmax>142</xmax>
			<ymax>292</ymax>
		</bndbox>
	</object>
	<object>
		<name>can</name>
		<pose>Unspecified</pose>
		<truncated>0</truncated>
		<difficult>0</difficult>
		<bndbox>
			<xmin>298</xmin>
			<ymin>225</ymin>
			<xmax>393</xmax>
			<ymax>354</ymax>
		</bndbox>
	</object>
</annotation>
