<annotation>
	<folder>multi</folder>
	<filename>b_0_5506.jpg</filename>
	<path>C:\Users\요셉\Desktop\waste_classification\train\multi\b_0_5506.jpg</path>
	<source>
		<database>Unknown</database>
	</source>
	<size>
		<width>416</width>
		<height>416</height>
		<depth>3</depth>
	</size>
	<segmented>0</segmented>
	<object>
		<name>PET</name>
		<pose>Unspecified</pose>
		<truncated>0</truncated>
		<difficult>0</difficult>
		<bndbox>
			<xmin>256</xmin>
			<ymin>55</ymin>
			<xmax>399</xmax>
			<ymax>295</ymax>
		</bndbox>
	</object>
	<object>
		<name>can</name>
		<pose>Unspecified</pose>
		<truncated>0</truncated>
		<difficult>0</difficult>
		<bndbox>
			<xmin>69</xmin>
			<ymin>57</ymin>
			<xmax>195</xmax>
			<ymax>221</ymax>
		</bndbox>
	</object>
	<object>
		<name>can</name>
		<pose>Unspecified</pose>
		<truncated>0</truncated>
		<difficult>0</difficult>
		<bndbox>
			<xmin>131</xmin>
			<ymin>243</ymin>
			<xmax>264</xmax>
			<ymax>401</ymax>
		</bndbox>
	</object>
</annotation>
