<annotation>
	<folder>multi</folder>
	<filename>b_0_7942.jpg</filename>
	<path>C:\Users\요셉\Desktop\waste_classification\train\multi\b_0_7942.jpg</path>
	<source>
		<database>Unknown</database>
	</source>
	<size>
		<width>416</width>
		<height>416</height>
		<depth>3</depth>
	</size>
	<segmented>0</segmented>
	<object>
		<name>PET</name>
		<pose>Unspecified</pose>
		<truncated>0</truncated>
		<difficult>0</difficult>
		<bndbox>
			<xmin>41</xmin>
			<ymin>69</ymin>
			<xmax>167</xmax>
			<ymax>243</ymax>
		</bndbox>
	</object>
	<object>
		<name>PET</name>
		<pose>Unspecified</pose>
		<truncated>0</truncated>
		<difficult>0</difficult>
		<bndbox>
			<xmin>109</xmin>
			<ymin>106</ymin>
			<xmax>241</xmax>
			<ymax>289</ymax>
		</bndbox>
	</object>
	<object>
		<name>can</name>
		<pose>Unspecified</pose>
		<truncated>0</truncated>
		<difficult>0</difficult>
		<bndbox>
			<xmin>200</xmin>
			<ymin>180</ymin>
			<xmax>318</xmax>
			<ymax>323</ymax>
		</bndbox>
	</object>
	<object>
		<name>can</name>
		<pose>Unspecified</pose>
		<truncated>0</truncated>
		<difficult>0</difficult>
		<bndbox>
			<xmin>271</xmin>
			<ymin>214</ymin>
			<xmax>382</xmax>
			<ymax>369</ymax>
		</bndbox>
	</object>
</annotation>
