<annotation>
	<folder>multi</folder>
	<filename>b_0_9854.jpg</filename>
	<path>C:\Users\요셉\Desktop\waste_classification\train\multi\b_0_9854.jpg</path>
	<source>
		<database>Unknown</database>
	</source>
	<size>
		<width>416</width>
		<height>416</height>
		<depth>3</depth>
	</size>
	<segmented>0</segmented>
	<object>
		<name>PET</name>
		<pose>Unspecified</pose>
		<truncated>0</truncated>
		<difficult>0</difficult>
		<bndbox>
			<xmin>83</xmin>
			<ymin>72</ymin>
			<xmax>199</xmax>
			<ymax>386</ymax>
		</bndbox>
	</object>
	<object>
		<name>can</name>
		<pose>Unspecified</pose>
		<truncated>0</truncated>
		<difficult>0</difficult>
		<bndbox>
			<xmin>229</xmin>
			<ymin>79</ymin>
			<xmax>349</xmax>
			<ymax>333</ymax>
		</bndbox>
	</object>
</annotation>
