<annotation>
	<folder>multi</folder>
	<filename>b_0_4249.jpg</filename>
	<path>C:\Users\요셉\Desktop\waste_classification\train\multi\b_0_4249.jpg</path>
	<source>
		<database>Unknown</database>
	</source>
	<size>
		<width>416</width>
		<height>416</height>
		<depth>3</depth>
	</size>
	<segmented>0</segmented>
	<object>
		<name>PET</name>
		<pose>Unspecified</pose>
		<truncated>0</truncated>
		<difficult>0</difficult>
		<bndbox>
			<xmin>121</xmin>
			<ymin>107</ymin>
			<xmax>325</xmax>
			<ymax>314</ymax>
		</bndbox>
	</object>
	<object>
		<name>can</name>
		<pose>Unspecified</pose>
		<truncated>0</truncated>
		<difficult>0</difficult>
		<bndbox>
			<xmin>74</xmin>
			<ymin>216</ymin>
			<xmax>185</xmax>
			<ymax>334</ymax>
		</bndbox>
	</object>
	<object>
		<name>can</name>
		<pose>Unspecified</pose>
		<truncated>0</truncated>
		<difficult>0</difficult>
		<bndbox>
			<xmin>231</xmin>
			<ymin>46</ymin>
			<xmax>387</xmax>
			<ymax>200</ymax>
		</bndbox>
	</object>
</annotation>
