<annotation>
	<folder>multi</folder>
	<filename>b_0_9605.jpg</filename>
	<path>C:\Users\요셉\Desktop\waste_classification\train\multi\b_0_9605.jpg</path>
	<source>
		<database>Unknown</database>
	</source>
	<size>
		<width>416</width>
		<height>416</height>
		<depth>3</depth>
	</size>
	<segmented>0</segmented>
	<object>
		<name>PET</name>
		<pose>Unspecified</pose>
		<truncated>0</truncated>
		<difficult>0</difficult>
		<bndbox>
			<xmin>26</xmin>
			<ymin>65</ymin>
			<xmax>132</xmax>
			<ymax>280</ymax>
		</bndbox>
	</object>
	<object>
		<name>PET</name>
		<pose>Unspecified</pose>
		<truncated>0</truncated>
		<difficult>0</difficult>
		<bndbox>
			<xmin>128</xmin>
			<ymin>99</ymin>
			<xmax>233</xmax>
			<ymax>313</ymax>
		</bndbox>
	</object>
	<object>
		<name>can</name>
		<pose>Unspecified</pose>
		<truncated>0</truncated>
		<difficult>0</difficult>
		<bndbox>
			<xmin>223</xmin>
			<ymin>125</ymin>
			<xmax>370</xmax>
			<ymax>374</ymax>
		</bndbox>
	</object>
</annotation>
