<annotation>
	<folder>multi</folder>
	<filename>b_0_9179.jpg</filename>
	<path>C:\Users\요셉\Desktop\waste_classification\train\multi\b_0_9179.jpg</path>
	<source>
		<database>Unknown</database>
	</source>
	<size>
		<width>416</width>
		<height>416</height>
		<depth>3</depth>
	</size>
	<segmented>0</segmented>
	<object>
		<name>PET</name>
		<pose>Unspecified</pose>
		<truncated>0</truncated>
		<difficult>0</difficult>
		<bndbox>
			<xmin>74</xmin>
			<ymin>148</ymin>
			<xmax>315</xmax>
			<ymax>278</ymax>
		</bndbox>
	</object>
	<object>
		<name>can</name>
		<pose>Unspecified</pose>
		<truncated>0</truncated>
		<difficult>0</difficult>
		<bndbox>
			<xmin>162</xmin>
			<ymin>72</ymin>
			<xmax>311</xmax>
			<ymax>150</ymax>
		</bndbox>
	</object>
	<object>
		<name>can</name>
		<pose>Unspecified</pose>
		<truncated>0</truncated>
		<difficult>0</difficult>
		<bndbox>
			<xmin>78</xmin>
			<ymin>279</ymin>
			<xmax>275</xmax>
			<ymax>392</ymax>
		</bndbox>
	</object>
</annotation>
