<annotation>
	<folder>multi</folder>
	<filename>b_0_3686.jpg</filename>
	<path>C:\Users\요셉\Desktop\waste_classification\train\multi\b_0_3686.jpg</path>
	<source>
		<database>Unknown</database>
	</source>
	<size>
		<width>416</width>
		<height>416</height>
		<depth>3</depth>
	</size>
	<segmented>0</segmented>
	<object>
		<name>PET</name>
		<pose>Unspecified</pose>
		<truncated>0</truncated>
		<difficult>0</difficult>
		<bndbox>
			<xmin>19</xmin>
			<ymin>52</ymin>
			<xmax>275</xmax>
			<ymax>255</ymax>
		</bndbox>
	</object>
	<object>
		<name>can</name>
		<pose>Unspecified</pose>
		<truncated>0</truncated>
		<difficult>0</difficult>
		<bndbox>
			<xmin>111</xmin>
			<ymin>179</ymin>
			<xmax>373</xmax>
			<ymax>380</ymax>
		</bndbox>
	</object>
</annotation>
