<annotation>
	<folder>multi</folder>
	<filename>b_0_7643.jpg</filename>
	<path>C:\Users\요셉\Desktop\waste_classification\train\multi\b_0_7643.jpg</path>
	<source>
		<database>Unknown</database>
	</source>
	<size>
		<width>416</width>
		<height>416</height>
		<depth>3</depth>
	</size>
	<segmented>0</segmented>
	<object>
		<name>PET</name>
		<pose>Unspecified</pose>
		<truncated>0</truncated>
		<difficult>0</difficult>
		<bndbox>
			<xmin>50</xmin>
			<ymin>102</ymin>
			<xmax>183</xmax>
			<ymax>253</ymax>
		</bndbox>
	</object>
	<object>
		<name>PET</name>
		<pose>Unspecified</pose>
		<truncated>0</truncated>
		<difficult>0</difficult>
		<bndbox>
			<xmin>149</xmin>
			<ymin>26</ymin>
			<xmax>287</xmax>
			<ymax>171</ymax>
		</bndbox>
	</object>
	<object>
		<name>PET</name>
		<pose>Unspecified</pose>
		<truncated>1</truncated>
		<difficult>0</difficult>
		<bndbox>
			<xmin>329</xmin>
			<ymin>109</ymin>
			<xmax>416</xmax>
			<ymax>256</ymax>
		</bndbox>
	</object>
	<object>
		<name>PET</name>
		<pose>Unspecified</pose>
		<truncated>0</truncated>
		<difficult>0</difficult>
		<bndbox>
			<xmin>238</xmin>
			<ymin>204</ymin>
			<xmax>357</xmax>
			<ymax>361</ymax>
		</bndbox>
	</object>
	<object>
		<name>PET</name>
		<pose>Unspecified</pose>
		<truncated>1</truncated>
		<difficult>0</difficult>
		<bndbox>
			<xmin>131</xmin>
			<ymin>285</ymin>
			<xmax>268</xmax>
			<ymax>416</ymax>
		</bndbox>
	</object>
	<object>
		<name>PET</name>
		<pose>Unspecified</pose>
		<truncated>1</truncated>
		<difficult>0</difficult>
		<bndbox>
			<xmin>1</xmin>
			<ymin>172</ymin>
			<xmax>108</xmax>
			<ymax>305</ymax>
		</bndbox>
	</object>
</annotation>
