<annotation>
	<folder>multi</folder>
	<filename>b_0_7981.jpg</filename>
	<path>C:\Users\요셉\Desktop\waste_classification\train\multi\b_0_7981.jpg</path>
	<source>
		<database>Unknown</database>
	</source>
	<size>
		<width>416</width>
		<height>416</height>
		<depth>3</depth>
	</size>
	<segmented>0</segmented>
	<object>
		<name>PET</name>
		<pose>Unspecified</pose>
		<truncated>0</truncated>
		<difficult>0</difficult>
		<bndbox>
			<xmin>116</xmin>
			<ymin>47</ymin>
			<xmax>343</xmax>
			<ymax>205</ymax>
		</bndbox>
	</object>
	<object>
		<name>PET</name>
		<pose>Unspecified</pose>
		<truncated>0</truncated>
		<difficult>0</difficult>
		<bndbox>
			<xmin>147</xmin>
			<ymin>231</ymin>
			<xmax>249</xmax>
			<ymax>367</ymax>
		</bndbox>
	</object>
</annotation>
