<annotation>
	<folder>multi</folder>
	<filename>b_0_5644.jpg</filename>
	<path>C:\Users\요셉\Desktop\waste_classification\train\multi\b_0_5644.jpg</path>
	<source>
		<database>Unknown</database>
	</source>
	<size>
		<width>416</width>
		<height>416</height>
		<depth>3</depth>
	</size>
	<segmented>0</segmented>
	<object>
		<name>PET</name>
		<pose>Unspecified</pose>
		<truncated>0</truncated>
		<difficult>0</difficult>
		<bndbox>
			<xmin>160</xmin>
			<ymin>84</ymin>
			<xmax>311</xmax>
			<ymax>305</ymax>
		</bndbox>
	</object>
	<object>
		<name>PET</name>
		<pose>Unspecified</pose>
		<truncated>0</truncated>
		<difficult>0</difficult>
		<bndbox>
			<xmin>258</xmin>
			<ymin>31</ymin>
			<xmax>399</xmax>
			<ymax>233</ymax>
		</bndbox>
	</object>
	<object>
		<name>can</name>
		<pose>Unspecified</pose>
		<truncated>0</truncated>
		<difficult>0</difficult>
		<bndbox>
			<xmin>15</xmin>
			<ymin>131</ymin>
			<xmax>227</xmax>
			<ymax>377</ymax>
		</bndbox>
	</object>
</annotation>
