<annotation>
	<folder>multi</folder>
	<filename>b_0_7445.jpg</filename>
	<path>C:\Users\요셉\Desktop\waste_classification\train\multi\b_0_7445.jpg</path>
	<source>
		<database>Unknown</database>
	</source>
	<size>
		<width>416</width>
		<height>416</height>
		<depth>3</depth>
	</size>
	<segmented>0</segmented>
	<object>
		<name>PET</name>
		<pose>Unspecified</pose>
		<truncated>0</truncated>
		<difficult>0</difficult>
		<bndbox>
			<xmin>271</xmin>
			<ymin>99</ymin>
			<xmax>376</xmax>
			<ymax>343</ymax>
		</bndbox>
	</object>
	<object>
		<name>can</name>
		<pose>Unspecified</pose>
		<truncated>0</truncated>
		<difficult>0</difficult>
		<bndbox>
			<xmin>114</xmin>
			<ymin>33</ymin>
			<xmax>215</xmax>
			<ymax>196</ymax>
		</bndbox>
	</object>
	<object>
		<name>can</name>
		<pose>Unspecified</pose>
		<truncated>0</truncated>
		<difficult>0</difficult>
		<bndbox>
			<xmin>106</xmin>
			<ymin>226</ymin>
			<xmax>206</xmax>
			<ymax>384</ymax>
		</bndbox>
	</object>
</annotation>
