<annotation>
	<folder>multi</folder>
	<filename>b_0_994.jpg</filename>
	<path>C:\Users\요셉\Desktop\waste_classification\train\multi\b_0_994.jpg</path>
	<source>
		<database>Unknown</database>
	</source>
	<size>
		<width>416</width>
		<height>416</height>
		<depth>3</depth>
	</size>
	<segmented>0</segmented>
	<object>
		<name>PET</name>
		<pose>Unspecified</pose>
		<truncated>0</truncated>
		<difficult>0</difficult>
		<bndbox>
			<xmin>28</xmin>
			<ymin>41</ymin>
			<xmax>182</xmax>
			<ymax>201</ymax>
		</bndbox>
	</object>
	<object>
		<name>PET</name>
		<pose>Unspecified</pose>
		<truncated>0</truncated>
		<difficult>0</difficult>
		<bndbox>
			<xmin>214</xmin>
			<ymin>223</ymin>
			<xmax>316</xmax>
			<ymax>335</ymax>
		</bndbox>
	</object>
	<object>
		<name>can</name>
		<pose>Unspecified</pose>
		<truncated>0</truncated>
		<difficult>0</difficult>
		<bndbox>
			<xmin>131</xmin>
			<ymin>120</ymin>
			<xmax>260</xmax>
			<ymax>258</ymax>
		</bndbox>
	</object>
</annotation>
