<annotation>
	<folder>multi</folder>
	<filename>b_0_2956.jpg</filename>
	<path>C:\Users\요셉\Desktop\waste_classification\train\multi\b_0_2956.jpg</path>
	<source>
		<database>Unknown</database>
	</source>
	<size>
		<width>416</width>
		<height>416</height>
		<depth>3</depth>
	</size>
	<segmented>0</segmented>
	<object>
		<name>PET</name>
		<pose>Unspecified</pose>
		<truncated>0</truncated>
		<difficult>0</difficult>
		<bndbox>
			<xmin>124</xmin>
			<ymin>109</ymin>
			<xmax>326</xmax>
			<ymax>267</ymax>
		</bndbox>
	</object>
	<object>
		<name>PET</name>
		<pose>Unspecified</pose>
		<truncated>0</truncated>
		<difficult>0</difficult>
		<bndbox>
			<xmin>176</xmin>
			<ymin>17</ymin>
			<xmax>384</xmax>
			<ymax>174</ymax>
		</bndbox>
	</object>
	<object>
		<name>can</name>
		<pose>Unspecified</pose>
		<truncated>0</truncated>
		<difficult>0</difficult>
		<bndbox>
			<xmin>20</xmin>
			<ymin>177</ymin>
			<xmax>258</xmax>
			<ymax>373</ymax>
		</bndbox>
	</object>
</annotation>
