<annotation>
	<folder>multi</folder>
	<filename>b_0_2986.jpg</filename>
	<path>C:\Users\요셉\Desktop\waste_classification\train\multi\b_0_2986.jpg</path>
	<source>
		<database>Unknown</database>
	</source>
	<size>
		<width>416</width>
		<height>416</height>
		<depth>3</depth>
	</size>
	<segmented>0</segmented>
	<object>
		<name>PET</name>
		<pose>Unspecified</pose>
		<truncated>0</truncated>
		<difficult>0</difficult>
		<bndbox>
			<xmin>113</xmin>
			<ymin>172</ymin>
			<xmax>389</xmax>
			<ymax>354</ymax>
		</bndbox>
	</object>
	<object>
		<name>can</name>
		<pose>Unspecified</pose>
		<truncated>0</truncated>
		<difficult>0</difficult>
		<bndbox>
			<xmin>32</xmin>
			<ymin>31</ymin>
			<xmax>316</xmax>
			<ymax>245</ymax>
		</bndbox>
	</object>
</annotation>
