<annotation>
	<folder>multi</folder>
	<filename>b_0_3302.jpg</filename>
	<path>C:\Users\요셉\Desktop\waste_classification\train\multi\b_0_3302.jpg</path>
	<source>
		<database>Unknown</database>
	</source>
	<size>
		<width>416</width>
		<height>416</height>
		<depth>3</depth>
	</size>
	<segmented>0</segmented>
	<object>
		<name>PET</name>
		<pose>Unspecified</pose>
		<truncated>0</truncated>
		<difficult>0</difficult>
		<bndbox>
			<xmin>26</xmin>
			<ymin>49</ymin>
			<xmax>335</xmax>
			<ymax>148</ymax>
		</bndbox>
	</object>
	<object>
		<name>PET</name>
		<pose>Unspecified</pose>
		<truncated>0</truncated>
		<difficult>0</difficult>
		<bndbox>
			<xmin>66</xmin>
			<ymin>265</ymin>
			<xmax>368</xmax>
			<ymax>384</ymax>
		</bndbox>
	</object>
	<object>
		<name>can</name>
		<pose>Unspecified</pose>
		<truncated>0</truncated>
		<difficult>0</difficult>
		<bndbox>
			<xmin>77</xmin>
			<ymin>150</ymin>
			<xmax>314</xmax>
			<ymax>258</ymax>
		</bndbox>
	</object>
</annotation>
