<annotation>
	<folder>multi</folder>
	<filename>b_0_9880.jpg</filename>
	<path>C:\Users\요셉\Desktop\waste_classification\train\multi\b_0_9880.jpg</path>
	<source>
		<database>Unknown</database>
	</source>
	<size>
		<width>416</width>
		<height>416</height>
		<depth>3</depth>
	</size>
	<segmented>0</segmented>
	<object>
		<name>PET</name>
		<pose>Unspecified</pose>
		<truncated>0</truncated>
		<difficult>0</difficult>
		<bndbox>
			<xmin>187</xmin>
			<ymin>68</ymin>
			<xmax>377</xmax>
			<ymax>163</ymax>
		</bndbox>
	</object>
	<object>
		<name>PET</name>
		<pose>Unspecified</pose>
		<truncated>1</truncated>
		<difficult>0</difficult>
		<bndbox>
			<xmin>220</xmin>
			<ymin>245</ymin>
			<xmax>416</xmax>
			<ymax>339</ymax>
		</bndbox>
	</object>
	<object>
		<name>can</name>
		<pose>Unspecified</pose>
		<truncated>0</truncated>
		<difficult>0</difficult>
		<bndbox>
			<xmin>104</xmin>
			<ymin>101</ymin>
			<xmax>200</xmax>
			<ymax>253</ymax>
		</bndbox>
	</object>
	<object>
		<name>can</name>
		<pose>Unspecified</pose>
		<truncated>0</truncated>
		<difficult>0</difficult>
		<bndbox>
			<xmin>43</xmin>
			<ymin>198</ymin>
			<xmax>150</xmax>
			<ymax>350</ymax>
		</bndbox>
	</object>
</annotation>
