<annotation>
	<folder>multi</folder>
	<filename>b_0_5647.jpg</filename>
	<path>C:\Users\요셉\Desktop\waste_classification\train\multi\b_0_5647.jpg</path>
	<source>
		<database>Unknown</database>
	</source>
	<size>
		<width>416</width>
		<height>416</height>
		<depth>3</depth>
	</size>
	<segmented>0</segmented>
	<object>
		<name>PET</name>
		<pose>Unspecified</pose>
		<truncated>0</truncated>
		<difficult>0</difficult>
		<bndbox>
			<xmin>50</xmin>
			<ymin>162</ymin>
			<xmax>146</xmax>
			<ymax>348</ymax>
		</bndbox>
	</object>
	<object>
		<name>PET</name>
		<pose>Unspecified</pose>
		<truncated>0</truncated>
		<difficult>0</difficult>
		<bndbox>
			<xmin>204</xmin>
			<ymin>99</ymin>
			<xmax>316</xmax>
			<ymax>312</ymax>
		</bndbox>
	</object>
	<object>
		<name>can</name>
		<pose>Unspecified</pose>
		<truncated>0</truncated>
		<difficult>0</difficult>
		<bndbox>
			<xmin>134</xmin>
			<ymin>166</ymin>
			<xmax>220</xmax>
			<ymax>311</ymax>
		</bndbox>
	</object>
	<object>
		<name>can</name>
		<pose>Unspecified</pose>
		<truncated>1</truncated>
		<difficult>0</difficult>
		<bndbox>
			<xmin>295</xmin>
			<ymin>81</ymin>
			<xmax>416</xmax>
			<ymax>275</ymax>
		</bndbox>
	</object>
</annotation>
