<annotation>
	<folder>multi</folder>
	<filename>b_0_2622.jpg</filename>
	<path>C:\Users\요셉\Desktop\waste_classification\train\multi\b_0_2622.jpg</path>
	<source>
		<database>Unknown</database>
	</source>
	<size>
		<width>416</width>
		<height>416</height>
		<depth>3</depth>
	</size>
	<segmented>0</segmented>
	<object>
		<name>PET</name>
		<pose>Unspecified</pose>
		<truncated>0</truncated>
		<difficult>0</difficult>
		<bndbox>
			<xmin>121</xmin>
			<ymin>162</ymin>
			<xmax>393</xmax>
			<ymax>369</ymax>
		</bndbox>
	</object>
	<object>
		<name>can</name>
		<pose>Unspecified</pose>
		<truncated>0</truncated>
		<difficult>0</difficult>
		<bndbox>
			<xmin>51</xmin>
			<ymin>37</ymin>
			<xmax>292</xmax>
			<ymax>242</ymax>
		</bndbox>
	</object>
</annotation>
