<annotation>
	<folder>multi</folder>
	<filename>b_0_3776.jpg</filename>
	<path>C:\Users\요셉\Desktop\waste_classification\train\multi\b_0_3776.jpg</path>
	<source>
		<database>Unknown</database>
	</source>
	<size>
		<width>416</width>
		<height>416</height>
		<depth>3</depth>
	</size>
	<segmented>0</segmented>
	<object>
		<name>PET</name>
		<pose>Unspecified</pose>
		<truncated>0</truncated>
		<difficult>0</difficult>
		<bndbox>
			<xmin>153</xmin>
			<ymin>17</ymin>
			<xmax>413</xmax>
			<ymax>225</ymax>
		</bndbox>
	</object>
	<object>
		<name>PET</name>
		<pose>Unspecified</pose>
		<truncated>0</truncated>
		<difficult>0</difficult>
		<bndbox>
			<xmin>33</xmin>
			<ymin>209</ymin>
			<xmax>289</xmax>
			<ymax>400</ymax>
		</bndbox>
	</object>
	<object>
		<name>can</name>
		<pose>Unspecified</pose>
		<truncated>0</truncated>
		<difficult>0</difficult>
		<bndbox>
			<xmin>102</xmin>
			<ymin>133</ymin>
			<xmax>325</xmax>
			<ymax>309</ymax>
		</bndbox>
	</object>
</annotation>
