<annotation>
	<folder>multi</folder>
	<filename>b_0_5032.jpg</filename>
	<path>C:\Users\요셉\Desktop\waste_classification\train\multi\b_0_5032.jpg</path>
	<source>
		<database>Unknown</database>
	</source>
	<size>
		<width>416</width>
		<height>416</height>
		<depth>3</depth>
	</size>
	<segmented>0</segmented>
	<object>
		<name>PET</name>
		<pose>Unspecified</pose>
		<truncated>0</truncated>
		<difficult>0</difficult>
		<bndbox>
			<xmin>9</xmin>
			<ymin>70</ymin>
			<xmax>123</xmax>
			<ymax>326</ymax>
		</bndbox>
	</object>
	<object>
		<name>PET</name>
		<pose>Unspecified</pose>
		<truncated>0</truncated>
		<difficult>0</difficult>
		<bndbox>
			<xmin>163</xmin>
			<ymin>46</ymin>
			<xmax>280</xmax>
			<ymax>315</ymax>
		</bndbox>
	</object>
	<object>
		<name>PET</name>
		<pose>Unspecified</pose>
		<truncated>0</truncated>
		<difficult>0</difficult>
		<bndbox>
			<xmin>262</xmin>
			<ymin>104</ymin>
			<xmax>409</xmax>
			<ymax>328</ymax>
		</bndbox>
	</object>
</annotation>
