<annotation>
	<folder>multi</folder>
	<filename>b_0_6434.jpg</filename>
	<path>C:\Users\요셉\Desktop\waste_classification\train\multi\b_0_6434.jpg</path>
	<source>
		<database>Unknown</database>
	</source>
	<size>
		<width>416</width>
		<height>416</height>
		<depth>3</depth>
	</size>
	<segmented>0</segmented>
	<object>
		<name>PET</name>
		<pose>Unspecified</pose>
		<truncated>0</truncated>
		<difficult>0</difficult>
		<bndbox>
			<xmin>7</xmin>
			<ymin>59</ymin>
			<xmax>131</xmax>
			<ymax>304</ymax>
		</bndbox>
	</object>
	<object>
		<name>PET</name>
		<pose>Unspecified</pose>
		<truncated>0</truncated>
		<difficult>0</difficult>
		<bndbox>
			<xmin>183</xmin>
			<ymin>58</ymin>
			<xmax>261</xmax>
			<ymax>314</ymax>
		</bndbox>
	</object>
	<object>
		<name>PET</name>
		<pose>Unspecified</pose>
		<truncated>0</truncated>
		<difficult>0</difficult>
		<bndbox>
			<xmin>271</xmin>
			<ymin>123</ymin>
			<xmax>385</xmax>
			<ymax>357</ymax>
		</bndbox>
	</object>
</annotation>
