<annotation>
	<folder>multi</folder>
	<filename>b_0_5632.jpg</filename>
	<path>C:\Users\요셉\Desktop\waste_classification\train\multi\b_0_5632.jpg</path>
	<source>
		<database>Unknown</database>
	</source>
	<size>
		<width>416</width>
		<height>416</height>
		<depth>3</depth>
	</size>
	<segmented>0</segmented>
	<object>
		<name>PET</name>
		<pose>Unspecified</pose>
		<truncated>0</truncated>
		<difficult>0</difficult>
		<bndbox>
			<xmin>50</xmin>
			<ymin>61</ymin>
			<xmax>161</xmax>
			<ymax>382</ymax>
		</bndbox>
	</object>
	<object>
		<name>PET</name>
		<pose>Unspecified</pose>
		<truncated>0</truncated>
		<difficult>0</difficult>
		<bndbox>
			<xmin>253</xmin>
			<ymin>32</ymin>
			<xmax>368</xmax>
			<ymax>328</ymax>
		</bndbox>
	</object>
	<object>
		<name>can</name>
		<pose>Unspecified</pose>
		<truncated>0</truncated>
		<difficult>0</difficult>
		<bndbox>
			<xmin>153</xmin>
			<ymin>84</ymin>
			<xmax>271</xmax>
			<ymax>309</ymax>
		</bndbox>
	</object>
</annotation>
