<annotation>
	<folder>multi</folder>
	<filename>b_0_6296.jpg</filename>
	<path>C:\Users\요셉\Desktop\waste_classification\train\multi\b_0_6296.jpg</path>
	<source>
		<database>Unknown</database>
	</source>
	<size>
		<width>416</width>
		<height>416</height>
		<depth>3</depth>
	</size>
	<segmented>0</segmented>
	<object>
		<name>PET</name>
		<pose>Unspecified</pose>
		<truncated>0</truncated>
		<difficult>0</difficult>
		<bndbox>
			<xmin>96</xmin>
			<ymin>93</ymin>
			<xmax>265</xmax>
			<ymax>295</ymax>
		</bndbox>
	</object>
	<object>
		<name>PET</name>
		<pose>Unspecified</pose>
		<truncated>0</truncated>
		<difficult>0</difficult>
		<bndbox>
			<xmin>21</xmin>
			<ymin>22</ymin>
			<xmax>180</xmax>
			<ymax>219</ymax>
		</bndbox>
	</object>
	<object>
		<name>can</name>
		<pose>Unspecified</pose>
		<truncated>0</truncated>
		<difficult>0</difficult>
		<bndbox>
			<xmin>177</xmin>
			<ymin>157</ymin>
			<xmax>375</xmax>
			<ymax>399</ymax>
		</bndbox>
	</object>
</annotation>
