<annotation>
	<folder>multi</folder>
	<filename>b_0_6519.jpg</filename>
	<path>C:\Users\요셉\Desktop\waste_classification\train\multi\b_0_6519.jpg</path>
	<source>
		<database>Unknown</database>
	</source>
	<size>
		<width>416</width>
		<height>416</height>
		<depth>3</depth>
	</size>
	<segmented>0</segmented>
	<object>
		<name>PET</name>
		<pose>Unspecified</pose>
		<truncated>0</truncated>
		<difficult>0</difficult>
		<bndbox>
			<xmin>160</xmin>
			<ymin>104</ymin>
			<xmax>268</xmax>
			<ymax>350</ymax>
		</bndbox>
	</object>
	<object>
		<name>can</name>
		<pose>Unspecified</pose>
		<truncated>0</truncated>
		<difficult>0</difficult>
		<bndbox>
			<xmin>260</xmin>
			<ymin>132</ymin>
			<xmax>363</xmax>
			<ymax>267</ymax>
		</bndbox>
	</object>
	<object>
		<name>can</name>
		<pose>Unspecified</pose>
		<truncated>0</truncated>
		<difficult>0</difficult>
		<bndbox>
			<xmin>77</xmin>
			<ymin>152</ymin>
			<xmax>158</xmax>
			<ymax>296</ymax>
		</bndbox>
	</object>
</annotation>
