<annotation>
	<folder>multi</folder>
	<filename>b_0_5163.jpg</filename>
	<path>C:\Users\요셉\Desktop\waste_classification\train\multi\b_0_5163.jpg</path>
	<source>
		<database>Unknown</database>
	</source>
	<size>
		<width>416</width>
		<height>416</height>
		<depth>3</depth>
	</size>
	<segmented>0</segmented>
	<object>
		<name>PET</name>
		<pose>Unspecified</pose>
		<truncated>0</truncated>
		<difficult>0</difficult>
		<bndbox>
			<xmin>150</xmin>
			<ymin>73</ymin>
			<xmax>260</xmax>
			<ymax>345</ymax>
		</bndbox>
	</object>
	<object>
		<name>can</name>
		<pose>Unspecified</pose>
		<truncated>0</truncated>
		<difficult>0</difficult>
		<bndbox>
			<xmin>33</xmin>
			<ymin>119</ymin>
			<xmax>129</xmax>
			<ymax>316</ymax>
		</bndbox>
	</object>
	<object>
		<name>can</name>
		<pose>Unspecified</pose>
		<truncated>0</truncated>
		<difficult>0</difficult>
		<bndbox>
			<xmin>273</xmin>
			<ymin>213</ymin>
			<xmax>333</xmax>
			<ymax>310</ymax>
		</bndbox>
	</object>
	<object>
		<name>can</name>
		<pose>Unspecified</pose>
		<truncated>0</truncated>
		<difficult>0</difficult>
		<bndbox>
			<xmin>341</xmin>
			<ymin>127</ymin>
			<xmax>398</xmax>
			<ymax>291</ymax>
		</bndbox>
	</object>
</annotation>
