<annotation>
	<folder>multi</folder>
	<filename>b_0_6367.jpg</filename>
	<path>C:\Users\요셉\Desktop\waste_classification\train\multi\b_0_6367.jpg</path>
	<source>
		<database>Unknown</database>
	</source>
	<size>
		<width>416</width>
		<height>416</height>
		<depth>3</depth>
	</size>
	<segmented>0</segmented>
	<object>
		<name>PET</name>
		<pose>Unspecified</pose>
		<truncated>0</truncated>
		<difficult>0</difficult>
		<bndbox>
			<xmin>62</xmin>
			<ymin>147</ymin>
			<xmax>226</xmax>
			<ymax>404</ymax>
		</bndbox>
	</object>
	<object>
		<name>can</name>
		<pose>Unspecified</pose>
		<truncated>0</truncated>
		<difficult>0</difficult>
		<bndbox>
			<xmin>219</xmin>
			<ymin>55</ymin>
			<xmax>390</xmax>
			<ymax>317</ymax>
		</bndbox>
	</object>
</annotation>
