<annotation>
	<folder>multi</folder>
	<filename>b_0_2799.jpg</filename>
	<path>C:\Users\요셉\Desktop\waste_classification\train\multi\b_0_2799.jpg</path>
	<source>
		<database>Unknown</database>
	</source>
	<size>
		<width>416</width>
		<height>416</height>
		<depth>3</depth>
	</size>
	<segmented>0</segmented>
	<object>
		<name>PET</name>
		<pose>Unspecified</pose>
		<truncated>0</truncated>
		<difficult>0</difficult>
		<bndbox>
			<xmin>247</xmin>
			<ymin>64</ymin>
			<xmax>346</xmax>
			<ymax>340</ymax>
		</bndbox>
	</object>
	<object>
		<name>can</name>
		<pose>Unspecified</pose>
		<truncated>0</truncated>
		<difficult>0</difficult>
		<bndbox>
			<xmin>60</xmin>
			<ymin>30</ymin>
			<xmax>181</xmax>
			<ymax>294</ymax>
		</bndbox>
	</object>
</annotation>
