<annotation>
	<folder>multi</folder>
	<filename>b_0_5179.jpg</filename>
	<path>C:\Users\요셉\Desktop\waste_classification\train\multi\b_0_5179.jpg</path>
	<source>
		<database>Unknown</database>
	</source>
	<size>
		<width>416</width>
		<height>416</height>
		<depth>3</depth>
	</size>
	<segmented>0</segmented>
	<object>
		<name>PET</name>
		<pose>Unspecified</pose>
		<truncated>0</truncated>
		<difficult>0</difficult>
		<bndbox>
			<xmin>47</xmin>
			<ymin>105</ymin>
			<xmax>324</xmax>
			<ymax>264</ymax>
		</bndbox>
	</object>
	<object>
		<name>PET</name>
		<pose>Unspecified</pose>
		<truncated>0</truncated>
		<difficult>0</difficult>
		<bndbox>
			<xmin>147</xmin>
			<ymin>60</ymin>
			<xmax>410</xmax>
			<ymax>155</ymax>
		</bndbox>
	</object>
	<object>
		<name>PET</name>
		<pose>Unspecified</pose>
		<truncated>1</truncated>
		<difficult>0</difficult>
		<bndbox>
			<xmin>18</xmin>
			<ymin>233</ymin>
			<xmax>267</xmax>
			<ymax>416</ymax>
		</bndbox>
	</object>
</annotation>
