<annotation>
	<folder>multi</folder>
	<filename>b_0_2397.jpg</filename>
	<path>C:\Users\요셉\Desktop\waste_classification\train\multi\b_0_2397.jpg</path>
	<source>
		<database>Unknown</database>
	</source>
	<size>
		<width>416</width>
		<height>416</height>
		<depth>3</depth>
	</size>
	<segmented>0</segmented>
	<object>
		<name>PET</name>
		<pose>Unspecified</pose>
		<truncated>0</truncated>
		<difficult>0</difficult>
		<bndbox>
			<xmin>63</xmin>
			<ymin>232</ymin>
			<xmax>235</xmax>
			<ymax>357</ymax>
		</bndbox>
	</object>
	<object>
		<name>PET</name>
		<pose>Unspecified</pose>
		<truncated>0</truncated>
		<difficult>0</difficult>
		<bndbox>
			<xmin>107</xmin>
			<ymin>75</ymin>
			<xmax>249</xmax>
			<ymax>187</ymax>
		</bndbox>
	</object>
	<object>
		<name>PET</name>
		<pose>Unspecified</pose>
		<truncated>0</truncated>
		<difficult>0</difficult>
		<bndbox>
			<xmin>269</xmin>
			<ymin>137</ymin>
			<xmax>405</xmax>
			<ymax>249</ymax>
		</bndbox>
	</object>
</annotation>
