<annotation>
	<folder>multi</folder>
	<filename>b_0_2144.jpg</filename>
	<path>C:\Users\요셉\Desktop\waste_classification\train\multi\b_0_2144.jpg</path>
	<source>
		<database>Unknown</database>
	</source>
	<size>
		<width>416</width>
		<height>416</height>
		<depth>3</depth>
	</size>
	<segmented>0</segmented>
	<object>
		<name>PET</name>
		<pose>Unspecified</pose>
		<truncated>0</truncated>
		<difficult>0</difficult>
		<bndbox>
			<xmin>45</xmin>
			<ymin>9</ymin>
			<xmax>192</xmax>
			<ymax>206</ymax>
		</bndbox>
	</object>
	<object>
		<name>PET</name>
		<pose>Unspecified</pose>
		<truncated>0</truncated>
		<difficult>0</difficult>
		<bndbox>
			<xmin>302</xmin>
			<ymin>40</ymin>
			<xmax>380</xmax>
			<ymax>157</ymax>
		</bndbox>
	</object>
	<object>
		<name>PET</name>
		<pose>Unspecified</pose>
		<truncated>0</truncated>
		<difficult>0</difficult>
		<bndbox>
			<xmin>214</xmin>
			<ymin>253</ymin>
			<xmax>364</xmax>
			<ymax>366</ymax>
		</bndbox>
	</object>
	<object>
		<name>PET</name>
		<pose>Unspecified</pose>
		<truncated>0</truncated>
		<difficult>0</difficult>
		<bndbox>
			<xmin>19</xmin>
			<ymin>241</ymin>
			<xmax>142</xmax>
			<ymax>372</ymax>
		</bndbox>
	</object>
</annotation>
