<annotation>
	<folder>multi</folder>
	<filename>b_0_252.jpg</filename>
	<path>C:\Users\요셉\Desktop\waste_classification\train\multi\b_0_252.jpg</path>
	<source>
		<database>Unknown</database>
	</source>
	<size>
		<width>416</width>
		<height>416</height>
		<depth>3</depth>
	</size>
	<segmented>0</segmented>
	<object>
		<name>PET</name>
		<pose>Unspecified</pose>
		<truncated>0</truncated>
		<difficult>0</difficult>
		<bndbox>
			<xmin>41</xmin>
			<ymin>11</ymin>
			<xmax>317</xmax>
			<ymax>172</ymax>
		</bndbox>
	</object>
	<object>
		<name>can</name>
		<pose>Unspecified</pose>
		<truncated>0</truncated>
		<difficult>0</difficult>
		<bndbox>
			<xmin>78</xmin>
			<ymin>232</ymin>
			<xmax>238</xmax>
			<ymax>365</ymax>
		</bndbox>
	</object>
	<object>
		<name>can</name>
		<pose>Unspecified</pose>
		<truncated>0</truncated>
		<difficult>0</difficult>
		<bndbox>
			<xmin>233</xmin>
			<ymin>131</ymin>
			<xmax>399</xmax>
			<ymax>264</ymax>
		</bndbox>
	</object>
</annotation>
