<annotation>
	<folder>multi</folder>
	<filename>b_0_4307.jpg</filename>
	<path>C:\Users\요셉\Desktop\waste_classification\train\multi\b_0_4307.jpg</path>
	<source>
		<database>Unknown</database>
	</source>
	<size>
		<width>416</width>
		<height>416</height>
		<depth>3</depth>
	</size>
	<segmented>0</segmented>
	<object>
		<name>PET</name>
		<pose>Unspecified</pose>
		<truncated>0</truncated>
		<difficult>0</difficult>
		<bndbox>
			<xmin>141</xmin>
			<ymin>103</ymin>
			<xmax>286</xmax>
			<ymax>349</ymax>
		</bndbox>
	</object>
	<object>
		<name>can</name>
		<pose>Unspecified</pose>
		<truncated>0</truncated>
		<difficult>0</difficult>
		<bndbox>
			<xmin>70</xmin>
			<ymin>162</ymin>
			<xmax>145</xmax>
			<ymax>296</ymax>
		</bndbox>
	</object>
	<object>
		<name>can</name>
		<pose>Unspecified</pose>
		<truncated>0</truncated>
		<difficult>0</difficult>
		<bndbox>
			<xmin>288</xmin>
			<ymin>84</ymin>
			<xmax>394</xmax>
			<ymax>272</ymax>
		</bndbox>
	</object>
</annotation>
