<annotation>
	<folder>multi</folder>
	<filename>b_0_8382.jpg</filename>
	<path>C:\Users\요셉\Desktop\waste_classification\train\multi\b_0_8382.jpg</path>
	<source>
		<database>Unknown</database>
	</source>
	<size>
		<width>416</width>
		<height>416</height>
		<depth>3</depth>
	</size>
	<segmented>0</segmented>
	<object>
		<name>PET</name>
		<pose>Unspecified</pose>
		<truncated>0</truncated>
		<difficult>0</difficult>
		<bndbox>
			<xmin>39</xmin>
			<ymin>50</ymin>
			<xmax>270</xmax>
			<ymax>278</ymax>
		</bndbox>
	</object>
	<object>
		<name>can</name>
		<pose>Unspecified</pose>
		<truncated>0</truncated>
		<difficult>0</difficult>
		<bndbox>
			<xmin>134</xmin>
			<ymin>146</ymin>
			<xmax>388</xmax>
			<ymax>398</ymax>
		</bndbox>
	</object>
</annotation>
