<annotation>
	<folder>multi</folder>
	<filename>b_0_3777.jpg</filename>
	<path>C:\Users\요셉\Desktop\waste_classification\train\multi\b_0_3777.jpg</path>
	<source>
		<database>Unknown</database>
	</source>
	<size>
		<width>416</width>
		<height>416</height>
		<depth>3</depth>
	</size>
	<segmented>0</segmented>
	<object>
		<name>PET</name>
		<pose>Unspecified</pose>
		<truncated>0</truncated>
		<difficult>0</difficult>
		<bndbox>
			<xmin>60</xmin>
			<ymin>170</ymin>
			<xmax>287</xmax>
			<ymax>316</ymax>
		</bndbox>
	</object>
	<object>
		<name>PET</name>
		<pose>Unspecified</pose>
		<truncated>0</truncated>
		<difficult>0</difficult>
		<bndbox>
			<xmin>20</xmin>
			<ymin>234</ymin>
			<xmax>248</xmax>
			<ymax>402</ymax>
		</bndbox>
	</object>
	<object>
		<name>PET</name>
		<pose>Unspecified</pose>
		<truncated>0</truncated>
		<difficult>0</difficult>
		<bndbox>
			<xmin>128</xmin>
			<ymin>50</ymin>
			<xmax>365</xmax>
			<ymax>209</ymax>
		</bndbox>
	</object>
</annotation>
