<annotation>
	<folder>multi</folder>
	<filename>b_0_7782.jpg</filename>
	<path>C:\Users\요셉\Desktop\waste_classification\train\multi\b_0_7782.jpg</path>
	<source>
		<database>Unknown</database>
	</source>
	<size>
		<width>416</width>
		<height>416</height>
		<depth>3</depth>
	</size>
	<segmented>0</segmented>
	<object>
		<name>PET</name>
		<pose>Unspecified</pose>
		<truncated>0</truncated>
		<difficult>0</difficult>
		<bndbox>
			<xmin>88</xmin>
			<ymin>76</ymin>
			<xmax>168</xmax>
			<ymax>377</ymax>
		</bndbox>
	</object>
	<object>
		<name>can</name>
		<pose>Unspecified</pose>
		<truncated>0</truncated>
		<difficult>0</difficult>
		<bndbox>
			<xmin>243</xmin>
			<ymin>93</ymin>
			<xmax>346</xmax>
			<ymax>367</ymax>
		</bndbox>
	</object>
</annotation>
