<annotation>
	<folder>multi</folder>
	<filename>b_0_1825.jpg</filename>
	<path>C:\Users\요셉\Desktop\waste_classification\train\multi\b_0_1825.jpg</path>
	<source>
		<database>Unknown</database>
	</source>
	<size>
		<width>416</width>
		<height>416</height>
		<depth>3</depth>
	</size>
	<segmented>0</segmented>
	<object>
		<name>PET</name>
		<pose>Unspecified</pose>
		<truncated>0</truncated>
		<difficult>0</difficult>
		<bndbox>
			<xmin>94</xmin>
			<ymin>77</ymin>
			<xmax>193</xmax>
			<ymax>382</ymax>
		</bndbox>
	</object>
	<object>
		<name>can</name>
		<pose>Unspecified</pose>
		<truncated>0</truncated>
		<difficult>0</difficult>
		<bndbox>
			<xmin>228</xmin>
			<ymin>59</ymin>
			<xmax>349</xmax>
			<ymax>357</ymax>
		</bndbox>
	</object>
</annotation>
