<annotation>
	<folder>multi</folder>
	<filename>b_0_8475.jpg</filename>
	<path>C:\Users\요셉\Desktop\waste_classification\train\multi\b_0_8475.jpg</path>
	<source>
		<database>Unknown</database>
	</source>
	<size>
		<width>416</width>
		<height>416</height>
		<depth>3</depth>
	</size>
	<segmented>0</segmented>
	<object>
		<name>PET</name>
		<pose>Unspecified</pose>
		<truncated>0</truncated>
		<difficult>0</difficult>
		<bndbox>
			<xmin>137</xmin>
			<ymin>189</ymin>
			<xmax>399</xmax>
			<ymax>360</ymax>
		</bndbox>
	</object>
	<object>
		<name>can</name>
		<pose>Unspecified</pose>
		<truncated>0</truncated>
		<difficult>0</difficult>
		<bndbox>
			<xmin>45</xmin>
			<ymin>40</ymin>
			<xmax>309</xmax>
			<ymax>223</ymax>
		</bndbox>
	</object>
</annotation>
