<annotation>
	<folder>multi</folder>
	<filename>b_0_6032.jpg</filename>
	<path>C:\Users\요셉\Desktop\waste_classification\train\multi\b_0_6032.jpg</path>
	<source>
		<database>Unknown</database>
	</source>
	<size>
		<width>416</width>
		<height>416</height>
		<depth>3</depth>
	</size>
	<segmented>0</segmented>
	<object>
		<name>PET</name>
		<pose>Unspecified</pose>
		<truncated>0</truncated>
		<difficult>0</difficult>
		<bndbox>
			<xmin>33</xmin>
			<ymin>85</ymin>
			<xmax>199</xmax>
			<ymax>239</ymax>
		</bndbox>
	</object>
	<object>
		<name>PET</name>
		<pose>Unspecified</pose>
		<truncated>0</truncated>
		<difficult>0</difficult>
		<bndbox>
			<xmin>151</xmin>
			<ymin>140</ymin>
			<xmax>324</xmax>
			<ymax>352</ymax>
		</bndbox>
	</object>
	<object>
		<name>PET</name>
		<pose>Unspecified</pose>
		<truncated>0</truncated>
		<difficult>0</difficult>
		<bndbox>
			<xmin>224</xmin>
			<ymin>195</ymin>
			<xmax>388</xmax>
			<ymax>411</ymax>
		</bndbox>
	</object>
</annotation>
