<annotation>
	<folder>multi</folder>
	<filename>b_0_7597.jpg</filename>
	<path>C:\Users\요셉\Desktop\waste_classification\train\multi\b_0_7597.jpg</path>
	<source>
		<database>Unknown</database>
	</source>
	<size>
		<width>416</width>
		<height>416</height>
		<depth>3</depth>
	</size>
	<segmented>0</segmented>
	<object>
		<name>PET</name>
		<pose>Unspecified</pose>
		<truncated>0</truncated>
		<difficult>0</difficult>
		<bndbox>
			<xmin>203</xmin>
			<ymin>126</ymin>
			<xmax>256</xmax>
			<ymax>311</ymax>
		</bndbox>
	</object>
	<object>
		<name>PET</name>
		<pose>Unspecified</pose>
		<truncated>0</truncated>
		<difficult>0</difficult>
		<bndbox>
			<xmin>248</xmin>
			<ymin>125</ymin>
			<xmax>342</xmax>
			<ymax>327</ymax>
		</bndbox>
	</object>
	<object>
		<name>can</name>
		<pose>Unspecified</pose>
		<truncated>0</truncated>
		<difficult>0</difficult>
		<bndbox>
			<xmin>58</xmin>
			<ymin>118</ymin>
			<xmax>145</xmax>
			<ymax>263</ymax>
		</bndbox>
	</object>
</annotation>
