<annotation>
	<folder>multi</folder>
	<filename>b_0_7248.jpg</filename>
	<path>C:\Users\요셉\Desktop\waste_classification\train\multi\b_0_7248.jpg</path>
	<source>
		<database>Unknown</database>
	</source>
	<size>
		<width>416</width>
		<height>416</height>
		<depth>3</depth>
	</size>
	<segmented>0</segmented>
	<object>
		<name>PET</name>
		<pose>Unspecified</pose>
		<truncated>1</truncated>
		<difficult>0</difficult>
		<bndbox>
			<xmin>1</xmin>
			<ymin>147</ymin>
			<xmax>116</xmax>
			<ymax>239</ymax>
		</bndbox>
	</object>
	<object>
		<name>PET</name>
		<pose>Unspecified</pose>
		<truncated>0</truncated>
		<difficult>0</difficult>
		<bndbox>
			<xmin>63</xmin>
			<ymin>259</ymin>
			<xmax>196</xmax>
			<ymax>332</ymax>
		</bndbox>
	</object>
	<object>
		<name>PET</name>
		<pose>Unspecified</pose>
		<truncated>1</truncated>
		<difficult>0</difficult>
		<bndbox>
			<xmin>359</xmin>
			<ymin>188</ymin>
			<xmax>416</xmax>
			<ymax>272</ymax>
		</bndbox>
	</object>
	<object>
		<name>can</name>
		<pose>Unspecified</pose>
		<truncated>0</truncated>
		<difficult>0</difficult>
		<bndbox>
			<xmin>85</xmin>
			<ymin>28</ymin>
			<xmax>182</xmax>
			<ymax>124</ymax>
		</bndbox>
	</object>
	<object>
		<name>can</name>
		<pose>Unspecified</pose>
		<truncated>0</truncated>
		<difficult>0</difficult>
		<bndbox>
			<xmin>202</xmin>
			<ymin>7</ymin>
			<xmax>273</xmax>
			<ymax>69</ymax>
		</bndbox>
	</object>
	<object>
		<name>can</name>
		<pose>Unspecified</pose>
		<truncated>0</truncated>
		<difficult>0</difficult>
		<bndbox>
			<xmin>238</xmin>
			<ymin>83</ymin>
			<xmax>328</xmax>
			<ymax>167</ymax>
		</bndbox>
	</object>
	<object>
		<name>can</name>
		<pose>Unspecified</pose>
		<truncated>0</truncated>
		<difficult>0</difficult>
		<bndbox>
			<xmin>288</xmin>
			<ymin>114</ymin>
			<xmax>404</xmax>
			<ymax>223</ymax>
		</bndbox>
	</object>
	<object>
		<name>can</name>
		<pose>Unspecified</pose>
		<truncated>0</truncated>
		<difficult>0</difficult>
		<bndbox>
			<xmin>197</xmin>
			<ymin>308</ymin>
			<xmax>294</xmax>
			<ymax>401</ymax>
		</bndbox>
	</object>
</annotation>
