<annotation>
	<folder>multi</folder>
	<filename>b_0_9286.jpg</filename>
	<path>C:\Users\요셉\Desktop\waste_classification\train\multi\b_0_9286.jpg</path>
	<source>
		<database>Unknown</database>
	</source>
	<size>
		<width>416</width>
		<height>416</height>
		<depth>3</depth>
	</size>
	<segmented>0</segmented>
	<object>
		<name>PET</name>
		<pose>Unspecified</pose>
		<truncated>0</truncated>
		<difficult>0</difficult>
		<bndbox>
			<xmin>107</xmin>
			<ymin>123</ymin>
			<xmax>321</xmax>
			<ymax>245</ymax>
		</bndbox>
	</object>
	<object>
		<name>PET</name>
		<pose>Unspecified</pose>
		<truncated>0</truncated>
		<difficult>0</difficult>
		<bndbox>
			<xmin>146</xmin>
			<ymin>18</ymin>
			<xmax>378</xmax>
			<ymax>145</ymax>
		</bndbox>
	</object>
	<object>
		<name>can</name>
		<pose>Unspecified</pose>
		<truncated>0</truncated>
		<difficult>0</difficult>
		<bndbox>
			<xmin>36</xmin>
			<ymin>208</ymin>
			<xmax>284</xmax>
			<ymax>379</ymax>
		</bndbox>
	</object>
</annotation>
