<annotation>
	<folder>multi</folder>
	<filename>b_0_2680.jpg</filename>
	<path>C:\Users\요셉\Desktop\waste_classification\train\multi\b_0_2680.jpg</path>
	<source>
		<database>Unknown</database>
	</source>
	<size>
		<width>416</width>
		<height>416</height>
		<depth>3</depth>
	</size>
	<segmented>0</segmented>
	<object>
		<name>PET</name>
		<pose>Unspecified</pose>
		<truncated>0</truncated>
		<difficult>0</difficult>
		<bndbox>
			<xmin>73</xmin>
			<ymin>117</ymin>
			<xmax>326</xmax>
			<ymax>274</ymax>
		</bndbox>
	</object>
	<object>
		<name>can</name>
		<pose>Unspecified</pose>
		<truncated>0</truncated>
		<difficult>0</difficult>
		<bndbox>
			<xmin>185</xmin>
			<ymin>28</ymin>
			<xmax>360</xmax>
			<ymax>164</ymax>
		</bndbox>
	</object>
	<object>
		<name>can</name>
		<pose>Unspecified</pose>
		<truncated>0</truncated>
		<difficult>0</difficult>
		<bndbox>
			<xmin>69</xmin>
			<ymin>221</ymin>
			<xmax>160</xmax>
			<ymax>302</ymax>
		</bndbox>
	</object>
	<object>
		<name>can</name>
		<pose>Unspecified</pose>
		<truncated>1</truncated>
		<difficult>0</difficult>
		<bndbox>
			<xmin>54</xmin>
			<ymin>295</ymin>
			<xmax>219</xmax>
			<ymax>416</ymax>
		</bndbox>
	</object>
</annotation>
