<annotation>
	<folder>multi</folder>
	<filename>b_0_3186.jpg</filename>
	<path>C:\Users\요셉\Desktop\waste_classification\train\multi\b_0_3186.jpg</path>
	<source>
		<database>Unknown</database>
	</source>
	<size>
		<width>416</width>
		<height>416</height>
		<depth>3</depth>
	</size>
	<segmented>0</segmented>
	<object>
		<name>PET</name>
		<pose>Unspecified</pose>
		<truncated>0</truncated>
		<difficult>0</difficult>
		<bndbox>
			<xmin>22</xmin>
			<ymin>143</ymin>
			<xmax>177</xmax>
			<ymax>362</ymax>
		</bndbox>
	</object>
	<object>
		<name>can</name>
		<pose>Unspecified</pose>
		<truncated>0</truncated>
		<difficult>0</difficult>
		<bndbox>
			<xmin>138</xmin>
			<ymin>18</ymin>
			<xmax>284</xmax>
			<ymax>181</ymax>
		</bndbox>
	</object>
	<object>
		<name>can</name>
		<pose>Unspecified</pose>
		<truncated>0</truncated>
		<difficult>0</difficult>
		<bndbox>
			<xmin>222</xmin>
			<ymin>189</ymin>
			<xmax>368</xmax>
			<ymax>352</ymax>
		</bndbox>
	</object>
</annotation>
