<annotation>
	<folder>multi</folder>
	<filename>b_0_7406.jpg</filename>
	<path>C:\Users\요셉\Desktop\waste_classification\train\multi\b_0_7406.jpg</path>
	<source>
		<database>Unknown</database>
	</source>
	<size>
		<width>416</width>
		<height>416</height>
		<depth>3</depth>
	</size>
	<segmented>0</segmented>
	<object>
		<name>PET</name>
		<pose>Unspecified</pose>
		<truncated>0</truncated>
		<difficult>0</difficult>
		<bndbox>
			<xmin>112</xmin>
			<ymin>111</ymin>
			<xmax>319</xmax>
			<ymax>312</ymax>
		</bndbox>
	</object>
	<object>
		<name>can</name>
		<pose>Unspecified</pose>
		<truncated>0</truncated>
		<difficult>0</difficult>
		<bndbox>
			<xmin>79</xmin>
			<ymin>217</ymin>
			<xmax>177</xmax>
			<ymax>331</ymax>
		</bndbox>
	</object>
	<object>
		<name>can</name>
		<pose>Unspecified</pose>
		<truncated>1</truncated>
		<difficult>0</difficult>
		<bndbox>
			<xmin>296</xmin>
			<ymin>131</ymin>
			<xmax>416</xmax>
			<ymax>276</ymax>
		</bndbox>
	</object>
</annotation>
