<annotation>
	<folder>multi</folder>
	<filename>b_0_8006.jpg</filename>
	<path>C:\Users\요셉\Desktop\waste_classification\train\multi\b_0_8006.jpg</path>
	<source>
		<database>Unknown</database>
	</source>
	<size>
		<width>416</width>
		<height>416</height>
		<depth>3</depth>
	</size>
	<segmented>0</segmented>
	<object>
		<name>PET</name>
		<pose>Unspecified</pose>
		<truncated>0</truncated>
		<difficult>0</difficult>
		<bndbox>
			<xmin>83</xmin>
			<ymin>159</ymin>
			<xmax>246</xmax>
			<ymax>323</ymax>
		</bndbox>
	</object>
	<object>
		<name>PET</name>
		<pose>Unspecified</pose>
		<truncated>0</truncated>
		<difficult>0</difficult>
		<bndbox>
			<xmin>219</xmin>
			<ymin>50</ymin>
			<xmax>362</xmax>
			<ymax>195</ymax>
		</bndbox>
	</object>
	<object>
		<name>can</name>
		<pose>Unspecified</pose>
		<truncated>0</truncated>
		<difficult>0</difficult>
		<bndbox>
			<xmin>168</xmin>
			<ymin>105</ymin>
			<xmax>292</xmax>
			<ymax>233</ymax>
		</bndbox>
	</object>
	<object>
		<name>can</name>
		<pose>Unspecified</pose>
		<truncated>0</truncated>
		<difficult>0</difficult>
		<bndbox>
			<xmin>4</xmin>
			<ymin>214</ymin>
			<xmax>180</xmax>
			<ymax>397</ymax>
		</bndbox>
	</object>
</annotation>
