<annotation>
	<folder>multi</folder>
	<filename>b_0_9817.jpg</filename>
	<path>C:\Users\요셉\Desktop\waste_classification\train\multi\b_0_9817.jpg</path>
	<source>
		<database>Unknown</database>
	</source>
	<size>
		<width>416</width>
		<height>416</height>
		<depth>3</depth>
	</size>
	<segmented>0</segmented>
	<object>
		<name>PET</name>
		<pose>Unspecified</pose>
		<truncated>0</truncated>
		<difficult>0</difficult>
		<bndbox>
			<xmin>150</xmin>
			<ymin>42</ymin>
			<xmax>378</xmax>
			<ymax>179</ymax>
		</bndbox>
	</object>
	<object>
		<name>can</name>
		<pose>Unspecified</pose>
		<truncated>0</truncated>
		<difficult>0</difficult>
		<bndbox>
			<xmin>21</xmin>
			<ymin>162</ymin>
			<xmax>182</xmax>
			<ymax>296</ymax>
		</bndbox>
	</object>
	<object>
		<name>can</name>
		<pose>Unspecified</pose>
		<truncated>0</truncated>
		<difficult>0</difficult>
		<bndbox>
			<xmin>202</xmin>
			<ymin>229</ymin>
			<xmax>361</xmax>
			<ymax>345</ymax>
		</bndbox>
	</object>
</annotation>
