<annotation>
	<folder>multi</folder>
	<filename>b_0_4862.jpg</filename>
	<path>C:\Users\요셉\Desktop\waste_classification\train\multi\b_0_4862.jpg</path>
	<source>
		<database>Unknown</database>
	</source>
	<size>
		<width>416</width>
		<height>416</height>
		<depth>3</depth>
	</size>
	<segmented>0</segmented>
	<object>
		<name>PET</name>
		<pose>Unspecified</pose>
		<truncated>0</truncated>
		<difficult>0</difficult>
		<bndbox>
			<xmin>128</xmin>
			<ymin>69</ymin>
			<xmax>334</xmax>
			<ymax>178</ymax>
		</bndbox>
	</object>
	<object>
		<name>PET</name>
		<pose>Unspecified</pose>
		<truncated>0</truncated>
		<difficult>0</difficult>
		<bndbox>
			<xmin>132</xmin>
			<ymin>140</ymin>
			<xmax>312</xmax>
			<ymax>226</ymax>
		</bndbox>
	</object>
	<object>
		<name>can</name>
		<pose>Unspecified</pose>
		<truncated>0</truncated>
		<difficult>0</difficult>
		<bndbox>
			<xmin>115</xmin>
			<ymin>267</ymin>
			<xmax>257</xmax>
			<ymax>364</ymax>
		</bndbox>
	</object>
</annotation>
