<annotation>
	<folder>multi</folder>
	<filename>b_0_3771.jpg</filename>
	<path>C:\Users\요셉\Desktop\waste_classification\train\multi\b_0_3771.jpg</path>
	<source>
		<database>Unknown</database>
	</source>
	<size>
		<width>416</width>
		<height>416</height>
		<depth>3</depth>
	</size>
	<segmented>0</segmented>
	<object>
		<name>PET</name>
		<pose>Unspecified</pose>
		<truncated>0</truncated>
		<difficult>0</difficult>
		<bndbox>
			<xmin>68</xmin>
			<ymin>70</ymin>
			<xmax>294</xmax>
			<ymax>170</ymax>
		</bndbox>
	</object>
	<object>
		<name>PET</name>
		<pose>Unspecified</pose>
		<truncated>0</truncated>
		<difficult>0</difficult>
		<bndbox>
			<xmin>89</xmin>
			<ymin>165</ymin>
			<xmax>309</xmax>
			<ymax>260</ymax>
		</bndbox>
	</object>
	<object>
		<name>PET</name>
		<pose>Unspecified</pose>
		<truncated>0</truncated>
		<difficult>0</difficult>
		<bndbox>
			<xmin>94</xmin>
			<ymin>282</ymin>
			<xmax>336</xmax>
			<ymax>365</ymax>
		</bndbox>
	</object>
</annotation>
