<annotation>
	<folder>multi</folder>
	<filename>b_0_8134.jpg</filename>
	<path>C:\Users\요셉\Desktop\waste_classification\train\multi\b_0_8134.jpg</path>
	<source>
		<database>Unknown</database>
	</source>
	<size>
		<width>416</width>
		<height>416</height>
		<depth>3</depth>
	</size>
	<segmented>0</segmented>
	<object>
		<name>PET</name>
		<pose>Unspecified</pose>
		<truncated>0</truncated>
		<difficult>0</difficult>
		<bndbox>
			<xmin>177</xmin>
			<ymin>62</ymin>
			<xmax>372</xmax>
			<ymax>146</ymax>
		</bndbox>
	</object>
	<object>
		<name>PET</name>
		<pose>Unspecified</pose>
		<truncated>1</truncated>
		<difficult>0</difficult>
		<bndbox>
			<xmin>237</xmin>
			<ymin>224</ymin>
			<xmax>416</xmax>
			<ymax>339</ymax>
		</bndbox>
	</object>
	<object>
		<name>can</name>
		<pose>Unspecified</pose>
		<truncated>0</truncated>
		<difficult>0</difficult>
		<bndbox>
			<xmin>101</xmin>
			<ymin>108</ymin>
			<xmax>207</xmax>
			<ymax>257</ymax>
		</bndbox>
	</object>
	<object>
		<name>can</name>
		<pose>Unspecified</pose>
		<truncated>0</truncated>
		<difficult>0</difficult>
		<bndbox>
			<xmin>40</xmin>
			<ymin>201</ymin>
			<xmax>158</xmax>
			<ymax>362</ymax>
		</bndbox>
	</object>
</annotation>
