<annotation>
	<folder>multi</folder>
	<filename>b_0_6930.jpg</filename>
	<path>C:\Users\요셉\Desktop\waste_classification\train\multi\b_0_6930.jpg</path>
	<source>
		<database>Unknown</database>
	</source>
	<size>
		<width>416</width>
		<height>416</height>
		<depth>3</depth>
	</size>
	<segmented>0</segmented>
	<object>
		<name>PET</name>
		<pose>Unspecified</pose>
		<truncated>0</truncated>
		<difficult>0</difficult>
		<bndbox>
			<xmin>107</xmin>
			<ymin>106</ymin>
			<xmax>326</xmax>
			<ymax>296</ymax>
		</bndbox>
	</object>
	<object>
		<name>can</name>
		<pose>Unspecified</pose>
		<truncated>0</truncated>
		<difficult>0</difficult>
		<bndbox>
			<xmin>205</xmin>
			<ymin>238</ymin>
			<xmax>334</xmax>
			<ymax>348</ymax>
		</bndbox>
	</object>
	<object>
		<name>can</name>
		<pose>Unspecified</pose>
		<truncated>1</truncated>
		<difficult>0</difficult>
		<bndbox>
			<xmin>143</xmin>
			<ymin>1</ymin>
			<xmax>284</xmax>
			<ymax>114</ymax>
		</bndbox>
	</object>
</annotation>
