<annotation>
	<folder>multi</folder>
	<filename>b_0_898.jpg</filename>
	<path>C:\Users\요셉\Desktop\waste_classification\train\multi\b_0_898.jpg</path>
	<source>
		<database>Unknown</database>
	</source>
	<size>
		<width>416</width>
		<height>416</height>
		<depth>3</depth>
	</size>
	<segmented>0</segmented>
	<object>
		<name>PET</name>
		<pose>Unspecified</pose>
		<truncated>0</truncated>
		<difficult>0</difficult>
		<bndbox>
			<xmin>97</xmin>
			<ymin>63</ymin>
			<xmax>244</xmax>
			<ymax>284</ymax>
		</bndbox>
	</object>
	<object>
		<name>PET</name>
		<pose>Unspecified</pose>
		<truncated>0</truncated>
		<difficult>0</difficult>
		<bndbox>
			<xmin>17</xmin>
			<ymin>23</ymin>
			<xmax>177</xmax>
			<ymax>241</ymax>
		</bndbox>
	</object>
	<object>
		<name>can</name>
		<pose>Unspecified</pose>
		<truncated>0</truncated>
		<difficult>0</difficult>
		<bndbox>
			<xmin>197</xmin>
			<ymin>226</ymin>
			<xmax>275</xmax>
			<ymax>330</ymax>
		</bndbox>
	</object>
	<object>
		<name>can</name>
		<pose>Unspecified</pose>
		<truncated>0</truncated>
		<difficult>0</difficult>
		<bndbox>
			<xmin>261</xmin>
			<ymin>169</ymin>
			<xmax>383</xmax>
			<ymax>347</ymax>
		</bndbox>
	</object>
</annotation>
