<annotation>
	<folder>multi</folder>
	<filename>b_0_4959.jpg</filename>
	<path>C:\Users\요셉\Desktop\waste_classification\train\multi\b_0_4959.jpg</path>
	<source>
		<database>Unknown</database>
	</source>
	<size>
		<width>416</width>
		<height>416</height>
		<depth>3</depth>
	</size>
	<segmented>0</segmented>
	<object>
		<name>PET</name>
		<pose>Unspecified</pose>
		<truncated>0</truncated>
		<difficult>0</difficult>
		<bndbox>
			<xmin>87</xmin>
			<ymin>232</ymin>
			<xmax>297</xmax>
			<ymax>299</ymax>
		</bndbox>
	</object>
	<object>
		<name>PET</name>
		<pose>Unspecified</pose>
		<truncated>0</truncated>
		<difficult>0</difficult>
		<bndbox>
			<xmin>111</xmin>
			<ymin>65</ymin>
			<xmax>301</xmax>
			<ymax>122</ymax>
		</bndbox>
	</object>
	<object>
		<name>can</name>
		<pose>Unspecified</pose>
		<truncated>0</truncated>
		<difficult>0</difficult>
		<bndbox>
			<xmin>121</xmin>
			<ymin>130</ymin>
			<xmax>273</xmax>
			<ymax>206</ymax>
		</bndbox>
	</object>
	<object>
		<name>can</name>
		<pose>Unspecified</pose>
		<truncated>0</truncated>
		<difficult>0</difficult>
		<bndbox>
			<xmin>87</xmin>
			<ymin>314</ymin>
			<xmax>280</xmax>
			<ymax>398</ymax>
		</bndbox>
	</object>
</annotation>
