<annotation>
	<folder>multi</folder>
	<filename>b_0_9526.jpg</filename>
	<path>C:\Users\요셉\Desktop\waste_classification\train\multi\b_0_9526.jpg</path>
	<source>
		<database>Unknown</database>
	</source>
	<size>
		<width>416</width>
		<height>416</height>
		<depth>3</depth>
	</size>
	<segmented>0</segmented>
	<object>
		<name>PET</name>
		<pose>Unspecified</pose>
		<truncated>0</truncated>
		<difficult>0</difficult>
		<bndbox>
			<xmin>107</xmin>
			<ymin>182</ymin>
			<xmax>332</xmax>
			<ymax>291</ymax>
		</bndbox>
	</object>
	<object>
		<name>PET</name>
		<pose>Unspecified</pose>
		<truncated>0</truncated>
		<difficult>0</difficult>
		<bndbox>
			<xmin>151</xmin>
			<ymin>292</ymin>
			<xmax>367</xmax>
			<ymax>396</ymax>
		</bndbox>
	</object>
	<object>
		<name>can</name>
		<pose>Unspecified</pose>
		<truncated>0</truncated>
		<difficult>0</difficult>
		<bndbox>
			<xmin>66</xmin>
			<ymin>38</ymin>
			<xmax>312</xmax>
			<ymax>187</ymax>
		</bndbox>
	</object>
</annotation>
