<annotation>
	<folder>multi</folder>
	<filename>b_0_5741.jpg</filename>
	<path>C:\Users\요셉\Desktop\waste_classification\train\multi\b_0_5741.jpg</path>
	<source>
		<database>Unknown</database>
	</source>
	<size>
		<width>416</width>
		<height>416</height>
		<depth>3</depth>
	</size>
	<segmented>0</segmented>
	<object>
		<name>PET</name>
		<pose>Unspecified</pose>
		<truncated>0</truncated>
		<difficult>0</difficult>
		<bndbox>
			<xmin>212</xmin>
			<ymin>23</ymin>
			<xmax>350</xmax>
			<ymax>293</ymax>
		</bndbox>
	</object>
	<object>
		<name>can</name>
		<pose>Unspecified</pose>
		<truncated>0</truncated>
		<difficult>0</difficult>
		<bndbox>
			<xmin>39</xmin>
			<ymin>80</ymin>
			<xmax>187</xmax>
			<ymax>350</ymax>
		</bndbox>
	</object>
</annotation>
