<annotation>
	<folder>multi</folder>
	<filename>b_0_5060.jpg</filename>
	<path>C:\Users\요셉\Desktop\waste_classification\train\multi\b_0_5060.jpg</path>
	<source>
		<database>Unknown</database>
	</source>
	<size>
		<width>416</width>
		<height>416</height>
		<depth>3</depth>
	</size>
	<segmented>0</segmented>
	<object>
		<name>PET</name>
		<pose>Unspecified</pose>
		<truncated>0</truncated>
		<difficult>0</difficult>
		<bndbox>
			<xmin>220</xmin>
			<ymin>48</ymin>
			<xmax>323</xmax>
			<ymax>353</ymax>
		</bndbox>
	</object>
	<object>
		<name>can</name>
		<pose>Unspecified</pose>
		<truncated>0</truncated>
		<difficult>0</difficult>
		<bndbox>
			<xmin>65</xmin>
			<ymin>41</ymin>
			<xmax>189</xmax>
			<ymax>340</ymax>
		</bndbox>
	</object>
</annotation>
