<annotation>
	<folder>multi</folder>
	<filename>b_0_8609.jpg</filename>
	<path>C:\Users\요셉\Desktop\waste_classification\train\multi\b_0_8609.jpg</path>
	<source>
		<database>Unknown</database>
	</source>
	<size>
		<width>416</width>
		<height>416</height>
		<depth>3</depth>
	</size>
	<segmented>0</segmented>
	<object>
		<name>PET</name>
		<pose>Unspecified</pose>
		<truncated>0</truncated>
		<difficult>0</difficult>
		<bndbox>
			<xmin>38</xmin>
			<ymin>256</ymin>
			<xmax>111</xmax>
			<ymax>378</ymax>
		</bndbox>
	</object>
	<object>
		<name>PET</name>
		<pose>Unspecified</pose>
		<truncated>0</truncated>
		<difficult>0</difficult>
		<bndbox>
			<xmin>67</xmin>
			<ymin>55</ymin>
			<xmax>209</xmax>
			<ymax>167</ymax>
		</bndbox>
	</object>
	<object>
		<name>PET</name>
		<pose>Unspecified</pose>
		<truncated>0</truncated>
		<difficult>0</difficult>
		<bndbox>
			<xmin>289</xmin>
			<ymin>48</ymin>
			<xmax>394</xmax>
			<ymax>176</ymax>
		</bndbox>
	</object>
	<object>
		<name>PET</name>
		<pose>Unspecified</pose>
		<truncated>0</truncated>
		<difficult>0</difficult>
		<bndbox>
			<xmin>221</xmin>
			<ymin>211</ymin>
			<xmax>371</xmax>
			<ymax>406</ymax>
		</bndbox>
	</object>
</annotation>
