<annotation>
	<folder>multi</folder>
	<filename>b_0_673.jpg</filename>
	<path>C:\Users\요셉\Desktop\waste_classification\train\multi\b_0_673.jpg</path>
	<source>
		<database>Unknown</database>
	</source>
	<size>
		<width>416</width>
		<height>416</height>
		<depth>3</depth>
	</size>
	<segmented>0</segmented>
	<object>
		<name>PET</name>
		<pose>Unspecified</pose>
		<truncated>1</truncated>
		<difficult>0</difficult>
		<bndbox>
			<xmin>1</xmin>
			<ymin>1</ymin>
			<xmax>268</xmax>
			<ymax>362</ymax>
		</bndbox>
	</object>
	<object>
		<name>can</name>
		<pose>Unspecified</pose>
		<truncated>1</truncated>
		<difficult>0</difficult>
		<bndbox>
			<xmin>211</xmin>
			<ymin>46</ymin>
			<xmax>416</xmax>
			<ymax>345</ymax>
		</bndbox>
	</object>
</annotation>
