<annotation>
	<folder>multi</folder>
	<filename>b_0_9736.jpg</filename>
	<path>C:\Users\요셉\Desktop\waste_classification\train\multi\b_0_9736.jpg</path>
	<source>
		<database>Unknown</database>
	</source>
	<size>
		<width>416</width>
		<height>416</height>
		<depth>3</depth>
	</size>
	<segmented>0</segmented>
	<object>
		<name>PET</name>
		<pose>Unspecified</pose>
		<truncated>0</truncated>
		<difficult>0</difficult>
		<bndbox>
			<xmin>103</xmin>
			<ymin>158</ymin>
			<xmax>353</xmax>
			<ymax>256</ymax>
		</bndbox>
	</object>
	<object>
		<name>can</name>
		<pose>Unspecified</pose>
		<truncated>0</truncated>
		<difficult>0</difficult>
		<bndbox>
			<xmin>121</xmin>
			<ymin>45</ymin>
			<xmax>309</xmax>
			<ymax>111</ymax>
		</bndbox>
	</object>
	<object>
		<name>can</name>
		<pose>Unspecified</pose>
		<truncated>0</truncated>
		<difficult>0</difficult>
		<bndbox>
			<xmin>129</xmin>
			<ymin>284</ymin>
			<xmax>270</xmax>
			<ymax>340</ymax>
		</bndbox>
	</object>
</annotation>
