<annotation>
	<folder>multi</folder>
	<filename>b_0_5541.jpg</filename>
	<path>C:\Users\요셉\Desktop\waste_classification\train\multi\b_0_5541.jpg</path>
	<source>
		<database>Unknown</database>
	</source>
	<size>
		<width>416</width>
		<height>416</height>
		<depth>3</depth>
	</size>
	<segmented>0</segmented>
	<object>
		<name>PET</name>
		<pose>Unspecified</pose>
		<truncated>0</truncated>
		<difficult>0</difficult>
		<bndbox>
			<xmin>116</xmin>
			<ymin>116</ymin>
			<xmax>309</xmax>
			<ymax>240</ymax>
		</bndbox>
	</object>
	<object>
		<name>PET</name>
		<pose>Unspecified</pose>
		<truncated>0</truncated>
		<difficult>0</difficult>
		<bndbox>
			<xmin>160</xmin>
			<ymin>41</ymin>
			<xmax>328</xmax>
			<ymax>160</ymax>
		</bndbox>
	</object>
	<object>
		<name>can</name>
		<pose>Unspecified</pose>
		<truncated>0</truncated>
		<difficult>0</difficult>
		<bndbox>
			<xmin>100</xmin>
			<ymin>216</ymin>
			<xmax>248</xmax>
			<ymax>311</ymax>
		</bndbox>
	</object>
	<object>
		<name>can</name>
		<pose>Unspecified</pose>
		<truncated>0</truncated>
		<difficult>0</difficult>
		<bndbox>
			<xmin>65</xmin>
			<ymin>288</ymin>
			<xmax>233</xmax>
			<ymax>398</ymax>
		</bndbox>
	</object>
</annotation>
