<annotation>
	<folder>multi</folder>
	<filename>b_0_3027.jpg</filename>
	<path>C:\Users\요셉\Desktop\waste_classification\train\multi\b_0_3027.jpg</path>
	<source>
		<database>Unknown</database>
	</source>
	<size>
		<width>416</width>
		<height>416</height>
		<depth>3</depth>
	</size>
	<segmented>0</segmented>
	<object>
		<name>PET</name>
		<pose>Unspecified</pose>
		<truncated>0</truncated>
		<difficult>0</difficult>
		<bndbox>
			<xmin>23</xmin>
			<ymin>43</ymin>
			<xmax>267</xmax>
			<ymax>275</ymax>
		</bndbox>
	</object>
	<object>
		<name>can</name>
		<pose>Unspecified</pose>
		<truncated>0</truncated>
		<difficult>0</difficult>
		<bndbox>
			<xmin>148</xmin>
			<ymin>168</ymin>
			<xmax>372</xmax>
			<ymax>389</ymax>
		</bndbox>
	</object>
</annotation>
