<annotation>
	<folder>multi</folder>
	<filename>b_0_7408.jpg</filename>
	<path>C:\Users\요셉\Desktop\waste_classification\train\multi\b_0_7408.jpg</path>
	<source>
		<database>Unknown</database>
	</source>
	<size>
		<width>416</width>
		<height>416</height>
		<depth>3</depth>
	</size>
	<segmented>0</segmented>
	<object>
		<name>PET</name>
		<pose>Unspecified</pose>
		<truncated>0</truncated>
		<difficult>0</difficult>
		<bndbox>
			<xmin>68</xmin>
			<ymin>216</ymin>
			<xmax>257</xmax>
			<ymax>379</ymax>
		</bndbox>
	</object>
	<object>
		<name>PET</name>
		<pose>Unspecified</pose>
		<truncated>0</truncated>
		<difficult>0</difficult>
		<bndbox>
			<xmin>123</xmin>
			<ymin>145</ymin>
			<xmax>310</xmax>
			<ymax>304</ymax>
		</bndbox>
	</object>
	<object>
		<name>PET</name>
		<pose>Unspecified</pose>
		<truncated>0</truncated>
		<difficult>0</difficult>
		<bndbox>
			<xmin>190</xmin>
			<ymin>50</ymin>
			<xmax>394</xmax>
			<ymax>206</ymax>
		</bndbox>
	</object>
</annotation>
