<annotation>
	<folder>multi</folder>
	<filename>b_0_9761.jpg</filename>
	<path>C:\Users\요셉\Desktop\waste_classification\train\multi\b_0_9761.jpg</path>
	<source>
		<database>Unknown</database>
	</source>
	<size>
		<width>416</width>
		<height>416</height>
		<depth>3</depth>
	</size>
	<segmented>0</segmented>
	<object>
		<name>PET</name>
		<pose>Unspecified</pose>
		<truncated>0</truncated>
		<difficult>0</difficult>
		<bndbox>
			<xmin>45</xmin>
			<ymin>146</ymin>
			<xmax>241</xmax>
			<ymax>343</ymax>
		</bndbox>
	</object>
	<object>
		<name>PET</name>
		<pose>Unspecified</pose>
		<truncated>0</truncated>
		<difficult>0</difficult>
		<bndbox>
			<xmin>235</xmin>
			<ymin>104</ymin>
			<xmax>358</xmax>
			<ymax>218</ymax>
		</bndbox>
	</object>
</annotation>
