<annotation>
	<folder>multi</folder>
	<filename>b_0_7487.jpg</filename>
	<path>C:\Users\요셉\Desktop\waste_classification\train\multi\b_0_7487.jpg</path>
	<source>
		<database>Unknown</database>
	</source>
	<size>
		<width>416</width>
		<height>416</height>
		<depth>3</depth>
	</size>
	<segmented>0</segmented>
	<object>
		<name>PET</name>
		<pose>Unspecified</pose>
		<truncated>0</truncated>
		<difficult>0</difficult>
		<bndbox>
			<xmin>75</xmin>
			<ymin>130</ymin>
			<xmax>309</xmax>
			<ymax>294</ymax>
		</bndbox>
	</object>
	<object>
		<name>can</name>
		<pose>Unspecified</pose>
		<truncated>0</truncated>
		<difficult>0</difficult>
		<bndbox>
			<xmin>177</xmin>
			<ymin>79</ymin>
			<xmax>319</xmax>
			<ymax>189</ymax>
		</bndbox>
	</object>
	<object>
		<name>can</name>
		<pose>Unspecified</pose>
		<truncated>0</truncated>
		<difficult>0</difficult>
		<bndbox>
			<xmin>77</xmin>
			<ymin>244</ymin>
			<xmax>231</xmax>
			<ymax>351</ymax>
		</bndbox>
	</object>
</annotation>
