<annotation>
	<folder>multi</folder>
	<filename>b_0_8880.jpg</filename>
	<path>C:\Users\요셉\Desktop\waste_classification\train\multi\b_0_8880.jpg</path>
	<source>
		<database>Unknown</database>
	</source>
	<size>
		<width>416</width>
		<height>416</height>
		<depth>3</depth>
	</size>
	<segmented>0</segmented>
	<object>
		<name>PET</name>
		<pose>Unspecified</pose>
		<truncated>0</truncated>
		<difficult>0</difficult>
		<bndbox>
			<xmin>89</xmin>
			<ymin>255</ymin>
			<xmax>379</xmax>
			<ymax>349</ymax>
		</bndbox>
	</object>
	<object>
		<name>can</name>
		<pose>Unspecified</pose>
		<truncated>0</truncated>
		<difficult>0</difficult>
		<bndbox>
			<xmin>104</xmin>
			<ymin>70</ymin>
			<xmax>379</xmax>
			<ymax>164</ymax>
		</bndbox>
	</object>
</annotation>
