<annotation>
	<folder>multi</folder>
	<filename>b_0_2473.jpg</filename>
	<path>C:\Users\요셉\Desktop\waste_classification\train\multi\b_0_2473.jpg</path>
	<source>
		<database>Unknown</database>
	</source>
	<size>
		<width>416</width>
		<height>416</height>
		<depth>3</depth>
	</size>
	<segmented>0</segmented>
	<object>
		<name>PET</name>
		<pose>Unspecified</pose>
		<truncated>0</truncated>
		<difficult>0</difficult>
		<bndbox>
			<xmin>57</xmin>
			<ymin>189</ymin>
			<xmax>297</xmax>
			<ymax>311</ymax>
		</bndbox>
	</object>
	<object>
		<name>PET</name>
		<pose>Unspecified</pose>
		<truncated>0</truncated>
		<difficult>0</difficult>
		<bndbox>
			<xmin>10</xmin>
			<ymin>269</ymin>
			<xmax>272</xmax>
			<ymax>392</ymax>
		</bndbox>
	</object>
	<object>
		<name>can</name>
		<pose>Unspecified</pose>
		<truncated>0</truncated>
		<difficult>0</difficult>
		<bndbox>
			<xmin>158</xmin>
			<ymin>35</ymin>
			<xmax>346</xmax>
			<ymax>143</ymax>
		</bndbox>
	</object>
	<object>
		<name>can</name>
		<pose>Unspecified</pose>
		<truncated>0</truncated>
		<difficult>0</difficult>
		<bndbox>
			<xmin>214</xmin>
			<ymin>129</ymin>
			<xmax>331</xmax>
			<ymax>217</ymax>
		</bndbox>
	</object>
</annotation>
