<annotation>
	<folder>multi</folder>
	<filename>b_0_5229.jpg</filename>
	<path>C:\Users\요셉\Desktop\waste_classification\train\multi\b_0_5229.jpg</path>
	<source>
		<database>Unknown</database>
	</source>
	<size>
		<width>416</width>
		<height>416</height>
		<depth>3</depth>
	</size>
	<segmented>0</segmented>
	<object>
		<name>PET</name>
		<pose>Unspecified</pose>
		<truncated>0</truncated>
		<difficult>0</difficult>
		<bndbox>
			<xmin>89</xmin>
			<ymin>214</ymin>
			<xmax>282</xmax>
			<ymax>308</ymax>
		</bndbox>
	</object>
	<object>
		<name>PET</name>
		<pose>Unspecified</pose>
		<truncated>0</truncated>
		<difficult>0</difficult>
		<bndbox>
			<xmin>126</xmin>
			<ymin>53</ymin>
			<xmax>316</xmax>
			<ymax>138</ymax>
		</bndbox>
	</object>
	<object>
		<name>can</name>
		<pose>Unspecified</pose>
		<truncated>0</truncated>
		<difficult>0</difficult>
		<bndbox>
			<xmin>113</xmin>
			<ymin>121</ymin>
			<xmax>284</xmax>
			<ymax>209</ymax>
		</bndbox>
	</object>
	<object>
		<name>can</name>
		<pose>Unspecified</pose>
		<truncated>0</truncated>
		<difficult>0</difficult>
		<bndbox>
			<xmin>65</xmin>
			<ymin>299</ymin>
			<xmax>265</xmax>
			<ymax>404</ymax>
		</bndbox>
	</object>
</annotation>
