<annotation>
	<folder>multi</folder>
	<filename>b_0_7972.jpg</filename>
	<path>C:\Users\요셉\Desktop\waste_classification\train\multi\b_0_7972.jpg</path>
	<source>
		<database>Unknown</database>
	</source>
	<size>
		<width>416</width>
		<height>416</height>
		<depth>3</depth>
	</size>
	<segmented>0</segmented>
	<object>
		<name>PET</name>
		<pose>Unspecified</pose>
		<truncated>0</truncated>
		<difficult>0</difficult>
		<bndbox>
			<xmin>172</xmin>
			<ymin>96</ymin>
			<xmax>263</xmax>
			<ymax>354</ymax>
		</bndbox>
	</object>
	<object>
		<name>can</name>
		<pose>Unspecified</pose>
		<truncated>0</truncated>
		<difficult>0</difficult>
		<bndbox>
			<xmin>83</xmin>
			<ymin>138</ymin>
			<xmax>158</xmax>
			<ymax>279</ymax>
		</bndbox>
	</object>
	<object>
		<name>can</name>
		<pose>Unspecified</pose>
		<truncated>0</truncated>
		<difficult>0</difficult>
		<bndbox>
			<xmin>272</xmin>
			<ymin>147</ymin>
			<xmax>348</xmax>
			<ymax>292</ymax>
		</bndbox>
	</object>
</annotation>
