<annotation>
	<folder>multi</folder>
	<filename>b_0_1.jpg</filename>
	<path>C:\Users\요셉\Desktop\waste_classification\train\multi\b_0_1.jpg</path>
	<source>
		<database>Unknown</database>
	</source>
	<size>
		<width>416</width>
		<height>416</height>
		<depth>3</depth>
	</size>
	<segmented>0</segmented>
	<object>
		<name>PET</name>
		<pose>Unspecified</pose>
		<truncated>0</truncated>
		<difficult>0</difficult>
		<bndbox>
			<xmin>71</xmin>
			<ymin>114</ymin>
			<xmax>164</xmax>
			<ymax>317</ymax>
		</bndbox>
	</object>
	<object>
		<name>PET</name>
		<pose>Unspecified</pose>
		<truncated>0</truncated>
		<difficult>0</difficult>
		<bndbox>
			<xmin>232</xmin>
			<ymin>116</ymin>
			<xmax>330</xmax>
			<ymax>321</ymax>
		</bndbox>
	</object>
</annotation>
