<annotation>
	<folder>multi</folder>
	<filename>b_0_5455.jpg</filename>
	<path>C:\Users\요셉\Desktop\waste_classification\train\multi\b_0_5455.jpg</path>
	<source>
		<database>Unknown</database>
	</source>
	<size>
		<width>416</width>
		<height>416</height>
		<depth>3</depth>
	</size>
	<segmented>0</segmented>
	<object>
		<name>PET</name>
		<pose>Unspecified</pose>
		<truncated>0</truncated>
		<difficult>0</difficult>
		<bndbox>
			<xmin>48</xmin>
			<ymin>162</ymin>
			<xmax>278</xmax>
			<ymax>406</ymax>
		</bndbox>
	</object>
	<object>
		<name>can</name>
		<pose>Unspecified</pose>
		<truncated>0</truncated>
		<difficult>0</difficult>
		<bndbox>
			<xmin>175</xmin>
			<ymin>46</ymin>
			<xmax>392</xmax>
			<ymax>284</ymax>
		</bndbox>
	</object>
</annotation>
