<annotation>
	<folder>multi</folder>
	<filename>b_0_3673.jpg</filename>
	<path>C:\Users\요셉\Desktop\waste_classification\train\multi\b_0_3673.jpg</path>
	<source>
		<database>Unknown</database>
	</source>
	<size>
		<width>416</width>
		<height>416</height>
		<depth>3</depth>
	</size>
	<segmented>0</segmented>
	<object>
		<name>PET</name>
		<pose>Unspecified</pose>
		<truncated>0</truncated>
		<difficult>0</difficult>
		<bndbox>
			<xmin>88</xmin>
			<ymin>41</ymin>
			<xmax>370</xmax>
			<ymax>213</ymax>
		</bndbox>
	</object>
	<object>
		<name>can</name>
		<pose>Unspecified</pose>
		<truncated>0</truncated>
		<difficult>0</difficult>
		<bndbox>
			<xmin>33</xmin>
			<ymin>187</ymin>
			<xmax>286</xmax>
			<ymax>362</ymax>
		</bndbox>
	</object>
</annotation>
