<annotation>
	<folder>multi</folder>
	<filename>b_0_2973.jpg</filename>
	<path>C:\Users\요셉\Desktop\waste_classification\train\multi\b_0_2973.jpg</path>
	<source>
		<database>Unknown</database>
	</source>
	<size>
		<width>416</width>
		<height>416</height>
		<depth>3</depth>
	</size>
	<segmented>0</segmented>
	<object>
		<name>PET</name>
		<pose>Unspecified</pose>
		<truncated>0</truncated>
		<difficult>0</difficult>
		<bndbox>
			<xmin>139</xmin>
			<ymin>163</ymin>
			<xmax>304</xmax>
			<ymax>301</ymax>
		</bndbox>
	</object>
	<object>
		<name>PET</name>
		<pose>Unspecified</pose>
		<truncated>0</truncated>
		<difficult>0</difficult>
		<bndbox>
			<xmin>177</xmin>
			<ymin>210</ymin>
			<xmax>359</xmax>
			<ymax>343</ymax>
		</bndbox>
	</object>
	<object>
		<name>can</name>
		<pose>Unspecified</pose>
		<truncated>0</truncated>
		<difficult>0</difficult>
		<bndbox>
			<xmin>66</xmin>
			<ymin>69</ymin>
			<xmax>221</xmax>
			<ymax>189</ymax>
		</bndbox>
	</object>
</annotation>
