<annotation>
	<folder>multi</folder>
	<filename>b_0_6606.jpg</filename>
	<path>C:\Users\요셉\Desktop\waste_classification\train\multi\b_0_6606.jpg</path>
	<source>
		<database>Unknown</database>
	</source>
	<size>
		<width>416</width>
		<height>416</height>
		<depth>3</depth>
	</size>
	<segmented>0</segmented>
	<object>
		<name>PET</name>
		<pose>Unspecified</pose>
		<truncated>0</truncated>
		<difficult>0</difficult>
		<bndbox>
			<xmin>64</xmin>
			<ymin>123</ymin>
			<xmax>179</xmax>
			<ymax>365</ymax>
		</bndbox>
	</object>
	<object>
		<name>PET</name>
		<pose>Unspecified</pose>
		<truncated>0</truncated>
		<difficult>0</difficult>
		<bndbox>
			<xmin>199</xmin>
			<ymin>90</ymin>
			<xmax>307</xmax>
			<ymax>333</ymax>
		</bndbox>
	</object>
	<object>
		<name>PET</name>
		<pose>Unspecified</pose>
		<truncated>0</truncated>
		<difficult>0</difficult>
		<bndbox>
			<xmin>285</xmin>
			<ymin>77</ymin>
			<xmax>392</xmax>
			<ymax>314</ymax>
		</bndbox>
	</object>
</annotation>
