<annotation>
	<folder>multi</folder>
	<filename>b_0_8640.jpg</filename>
	<path>C:\Users\요셉\Desktop\waste_classification\train\multi\b_0_8640.jpg</path>
	<source>
		<database>Unknown</database>
	</source>
	<size>
		<width>416</width>
		<height>416</height>
		<depth>3</depth>
	</size>
	<segmented>0</segmented>
	<object>
		<name>PET</name>
		<pose>Unspecified</pose>
		<truncated>0</truncated>
		<difficult>0</difficult>
		<bndbox>
			<xmin>132</xmin>
			<ymin>106</ymin>
			<xmax>296</xmax>
			<ymax>343</ymax>
		</bndbox>
	</object>
	<object>
		<name>can</name>
		<pose>Unspecified</pose>
		<truncated>0</truncated>
		<difficult>0</difficult>
		<bndbox>
			<xmin>62</xmin>
			<ymin>176</ymin>
			<xmax>160</xmax>
			<ymax>318</ymax>
		</bndbox>
	</object>
	<object>
		<name>can</name>
		<pose>Unspecified</pose>
		<truncated>0</truncated>
		<difficult>0</difficult>
		<bndbox>
			<xmin>272</xmin>
			<ymin>70</ymin>
			<xmax>389</xmax>
			<ymax>246</ymax>
		</bndbox>
	</object>
</annotation>
