<annotation>
	<folder>multi</folder>
	<filename>b_0_6708.jpg</filename>
	<path>C:\Users\요셉\Desktop\waste_classification\train\multi\b_0_6708.jpg</path>
	<source>
		<database>Unknown</database>
	</source>
	<size>
		<width>416</width>
		<height>416</height>
		<depth>3</depth>
	</size>
	<segmented>0</segmented>
	<object>
		<name>PET</name>
		<pose>Unspecified</pose>
		<truncated>0</truncated>
		<difficult>0</difficult>
		<bndbox>
			<xmin>85</xmin>
			<ymin>80</ymin>
			<xmax>166</xmax>
			<ymax>370</ymax>
		</bndbox>
	</object>
	<object>
		<name>can</name>
		<pose>Unspecified</pose>
		<truncated>0</truncated>
		<difficult>0</difficult>
		<bndbox>
			<xmin>229</xmin>
			<ymin>95</ymin>
			<xmax>338</xmax>
			<ymax>355</ymax>
		</bndbox>
	</object>
</annotation>
