<annotation>
	<folder>multi</folder>
	<filename>b_0_7595.jpg</filename>
	<path>C:\Users\요셉\Desktop\waste_classification\train\multi\b_0_7595.jpg</path>
	<source>
		<database>Unknown</database>
	</source>
	<size>
		<width>416</width>
		<height>416</height>
		<depth>3</depth>
	</size>
	<segmented>0</segmented>
	<object>
		<name>PET</name>
		<pose>Unspecified</pose>
		<truncated>0</truncated>
		<difficult>0</difficult>
		<bndbox>
			<xmin>104</xmin>
			<ymin>179</ymin>
			<xmax>370</xmax>
			<ymax>273</ymax>
		</bndbox>
	</object>
	<object>
		<name>PET</name>
		<pose>Unspecified</pose>
		<truncated>0</truncated>
		<difficult>0</difficult>
		<bndbox>
			<xmin>145</xmin>
			<ymin>8</ymin>
			<xmax>384</xmax>
			<ymax>153</ymax>
		</bndbox>
	</object>
	<object>
		<name>PET</name>
		<pose>Unspecified</pose>
		<truncated>0</truncated>
		<difficult>0</difficult>
		<bndbox>
			<xmin>39</xmin>
			<ymin>289</ymin>
			<xmax>280</xmax>
			<ymax>370</ymax>
		</bndbox>
	</object>
</annotation>
