<annotation>
	<folder>multi</folder>
	<filename>b_0_9156.jpg</filename>
	<path>C:\Users\요셉\Desktop\waste_classification\train\multi\b_0_9156.jpg</path>
	<source>
		<database>Unknown</database>
	</source>
	<size>
		<width>416</width>
		<height>416</height>
		<depth>3</depth>
	</size>
	<segmented>0</segmented>
	<object>
		<name>PET</name>
		<pose>Unspecified</pose>
		<truncated>0</truncated>
		<difficult>0</difficult>
		<bndbox>
			<xmin>119</xmin>
			<ymin>166</ymin>
			<xmax>323</xmax>
			<ymax>340</ymax>
		</bndbox>
	</object>
	<object>
		<name>PET</name>
		<pose>Unspecified</pose>
		<truncated>0</truncated>
		<difficult>0</difficult>
		<bndbox>
			<xmin>172</xmin>
			<ymin>235</ymin>
			<xmax>380</xmax>
			<ymax>403</ymax>
		</bndbox>
	</object>
	<object>
		<name>PET</name>
		<pose>Unspecified</pose>
		<truncated>0</truncated>
		<difficult>0</difficult>
		<bndbox>
			<xmin>49</xmin>
			<ymin>51</ymin>
			<xmax>207</xmax>
			<ymax>231</ymax>
		</bndbox>
	</object>
</annotation>
