<annotation>
	<folder>multi</folder>
	<filename>b_0_6901.jpg</filename>
	<path>C:\Users\요셉\Desktop\waste_classification\train\multi\b_0_6901.jpg</path>
	<source>
		<database>Unknown</database>
	</source>
	<size>
		<width>416</width>
		<height>416</height>
		<depth>3</depth>
	</size>
	<segmented>0</segmented>
	<object>
		<name>PET</name>
		<pose>Unspecified</pose>
		<truncated>0</truncated>
		<difficult>0</difficult>
		<bndbox>
			<xmin>93</xmin>
			<ymin>45</ymin>
			<xmax>345</xmax>
			<ymax>141</ymax>
		</bndbox>
	</object>
	<object>
		<name>can</name>
		<pose>Unspecified</pose>
		<truncated>0</truncated>
		<difficult>0</difficult>
		<bndbox>
			<xmin>33</xmin>
			<ymin>215</ymin>
			<xmax>200</xmax>
			<ymax>311</ymax>
		</bndbox>
	</object>
	<object>
		<name>can</name>
		<pose>Unspecified</pose>
		<truncated>0</truncated>
		<difficult>0</difficult>
		<bndbox>
			<xmin>229</xmin>
			<ymin>212</ymin>
			<xmax>385</xmax>
			<ymax>302</ymax>
		</bndbox>
	</object>
</annotation>
