<annotation>
	<folder>multi</folder>
	<filename>b_0_2287.jpg</filename>
	<path>C:\Users\요셉\Desktop\waste_classification\train\multi\b_0_2287.jpg</path>
	<source>
		<database>Unknown</database>
	</source>
	<size>
		<width>416</width>
		<height>416</height>
		<depth>3</depth>
	</size>
	<segmented>0</segmented>
	<object>
		<name>PET</name>
		<pose>Unspecified</pose>
		<truncated>0</truncated>
		<difficult>0</difficult>
		<bndbox>
			<xmin>117</xmin>
			<ymin>9</ymin>
			<xmax>292</xmax>
			<ymax>119</ymax>
		</bndbox>
	</object>
	<object>
		<name>can</name>
		<pose>Unspecified</pose>
		<truncated>0</truncated>
		<difficult>0</difficult>
		<bndbox>
			<xmin>9</xmin>
			<ymin>160</ymin>
			<xmax>150</xmax>
			<ymax>250</ymax>
		</bndbox>
	</object>
	<object>
		<name>can</name>
		<pose>Unspecified</pose>
		<truncated>0</truncated>
		<difficult>0</difficult>
		<bndbox>
			<xmin>38</xmin>
			<ymin>231</ymin>
			<xmax>190</xmax>
			<ymax>329</ymax>
		</bndbox>
	</object>
	<object>
		<name>can</name>
		<pose>Unspecified</pose>
		<truncated>0</truncated>
		<difficult>0</difficult>
		<bndbox>
			<xmin>237</xmin>
			<ymin>223</ymin>
			<xmax>401</xmax>
			<ymax>345</ymax>
		</bndbox>
	</object>
</annotation>
