<annotation>
	<folder>multi</folder>
	<filename>b_0_7034.jpg</filename>
	<path>C:\Users\요셉\Desktop\waste_classification\train\multi\b_0_7034.jpg</path>
	<source>
		<database>Unknown</database>
	</source>
	<size>
		<width>416</width>
		<height>416</height>
		<depth>3</depth>
	</size>
	<segmented>0</segmented>
	<object>
		<name>PET</name>
		<pose>Unspecified</pose>
		<truncated>0</truncated>
		<difficult>0</difficult>
		<bndbox>
			<xmin>52</xmin>
			<ymin>83</ymin>
			<xmax>158</xmax>
			<ymax>304</ymax>
		</bndbox>
	</object>
	<object>
		<name>PET</name>
		<pose>Unspecified</pose>
		<truncated>0</truncated>
		<difficult>0</difficult>
		<bndbox>
			<xmin>155</xmin>
			<ymin>103</ymin>
			<xmax>260</xmax>
			<ymax>328</ymax>
		</bndbox>
	</object>
	<object>
		<name>PET</name>
		<pose>Unspecified</pose>
		<truncated>0</truncated>
		<difficult>0</difficult>
		<bndbox>
			<xmin>261</xmin>
			<ymin>136</ymin>
			<xmax>372</xmax>
			<ymax>374</ymax>
		</bndbox>
	</object>
</annotation>
