<annotation>
	<folder>multi</folder>
	<filename>b_0_1913.jpg</filename>
	<path>C:\Users\요셉\Desktop\waste_classification\train\multi\b_0_1913.jpg</path>
	<source>
		<database>Unknown</database>
	</source>
	<size>
		<width>416</width>
		<height>416</height>
		<depth>3</depth>
	</size>
	<segmented>0</segmented>
	<object>
		<name>PET</name>
		<pose>Unspecified</pose>
		<truncated>0</truncated>
		<difficult>0</difficult>
		<bndbox>
			<xmin>172</xmin>
			<ymin>26</ymin>
			<xmax>319</xmax>
			<ymax>197</ymax>
		</bndbox>
	</object>
	<object>
		<name>PET</name>
		<pose>Unspecified</pose>
		<truncated>0</truncated>
		<difficult>0</difficult>
		<bndbox>
			<xmin>75</xmin>
			<ymin>160</ymin>
			<xmax>277</xmax>
			<ymax>321</ymax>
		</bndbox>
	</object>
	<object>
		<name>PET</name>
		<pose>Unspecified</pose>
		<truncated>0</truncated>
		<difficult>0</difficult>
		<bndbox>
			<xmin>24</xmin>
			<ymin>230</ymin>
			<xmax>238</xmax>
			<ymax>413</ymax>
		</bndbox>
	</object>
</annotation>
