<annotation>
	<folder>multi</folder>
	<filename>b_0_2129.jpg</filename>
	<path>C:\Users\요셉\Desktop\waste_classification\train\multi\b_0_2129.jpg</path>
	<source>
		<database>Unknown</database>
	</source>
	<size>
		<width>416</width>
		<height>416</height>
		<depth>3</depth>
	</size>
	<segmented>0</segmented>
	<object>
		<name>PET</name>
		<pose>Unspecified</pose>
		<truncated>0</truncated>
		<difficult>0</difficult>
		<bndbox>
			<xmin>64</xmin>
			<ymin>77</ymin>
			<xmax>196</xmax>
			<ymax>262</ymax>
		</bndbox>
	</object>
	<object>
		<name>PET</name>
		<pose>Unspecified</pose>
		<truncated>0</truncated>
		<difficult>0</difficult>
		<bndbox>
			<xmin>128</xmin>
			<ymin>106</ymin>
			<xmax>242</xmax>
			<ymax>286</ymax>
		</bndbox>
	</object>
	<object>
		<name>can</name>
		<pose>Unspecified</pose>
		<truncated>0</truncated>
		<difficult>0</difficult>
		<bndbox>
			<xmin>250</xmin>
			<ymin>174</ymin>
			<xmax>368</xmax>
			<ymax>334</ymax>
		</bndbox>
	</object>
</annotation>
