<annotation>
	<folder>multi</folder>
	<filename>b_0_7392.jpg</filename>
	<path>C:\Users\요셉\Desktop\waste_classification\train\multi\b_0_7392.jpg</path>
	<source>
		<database>Unknown</database>
	</source>
	<size>
		<width>416</width>
		<height>416</height>
		<depth>3</depth>
	</size>
	<segmented>0</segmented>
	<object>
		<name>PET</name>
		<pose>Unspecified</pose>
		<truncated>0</truncated>
		<difficult>0</difficult>
		<bndbox>
			<xmin>130</xmin>
			<ymin>152</ymin>
			<xmax>395</xmax>
			<ymax>383</ymax>
		</bndbox>
	</object>
	<object>
		<name>can</name>
		<pose>Unspecified</pose>
		<truncated>0</truncated>
		<difficult>0</difficult>
		<bndbox>
			<xmin>52</xmin>
			<ymin>38</ymin>
			<xmax>285</xmax>
			<ymax>247</ymax>
		</bndbox>
	</object>
</annotation>
