<annotation>
	<folder>multi</folder>
	<filename>b_0_9992.jpg</filename>
	<path>C:\Users\요셉\Desktop\waste_classification\train\multi\b_0_9992.jpg</path>
	<source>
		<database>Unknown</database>
	</source>
	<size>
		<width>416</width>
		<height>416</height>
		<depth>3</depth>
	</size>
	<segmented>0</segmented>
	<object>
		<name>PET</name>
		<pose>Unspecified</pose>
		<truncated>0</truncated>
		<difficult>0</difficult>
		<bndbox>
			<xmin>126</xmin>
			<ymin>45</ymin>
			<xmax>341</xmax>
			<ymax>170</ymax>
		</bndbox>
	</object>
	<object>
		<name>PET</name>
		<pose>Unspecified</pose>
		<truncated>0</truncated>
		<difficult>0</difficult>
		<bndbox>
			<xmin>92</xmin>
			<ymin>142</ymin>
			<xmax>302</xmax>
			<ymax>253</ymax>
		</bndbox>
	</object>
	<object>
		<name>PET</name>
		<pose>Unspecified</pose>
		<truncated>0</truncated>
		<difficult>0</difficult>
		<bndbox>
			<xmin>45</xmin>
			<ymin>252</ymin>
			<xmax>265</xmax>
			<ymax>363</ymax>
		</bndbox>
	</object>
</annotation>
