<annotation>
	<folder>multi</folder>
	<filename>b_0_6186.jpg</filename>
	<path>C:\Users\요셉\Desktop\waste_classification\train\multi\b_0_6186.jpg</path>
	<source>
		<database>Unknown</database>
	</source>
	<size>
		<width>416</width>
		<height>416</height>
		<depth>3</depth>
	</size>
	<segmented>0</segmented>
	<object>
		<name>PET</name>
		<pose>Unspecified</pose>
		<truncated>0</truncated>
		<difficult>0</difficult>
		<bndbox>
			<xmin>80</xmin>
			<ymin>104</ymin>
			<xmax>215</xmax>
			<ymax>392</ymax>
		</bndbox>
	</object>
	<object>
		<name>can</name>
		<pose>Unspecified</pose>
		<truncated>0</truncated>
		<difficult>0</difficult>
		<bndbox>
			<xmin>202</xmin>
			<ymin>42</ymin>
			<xmax>377</xmax>
			<ymax>333</ymax>
		</bndbox>
	</object>
</annotation>
