<annotation>
	<folder>multi</folder>
	<filename>b_0_9095.jpg</filename>
	<path>C:\Users\요셉\Desktop\waste_classification\train\multi\b_0_9095.jpg</path>
	<source>
		<database>Unknown</database>
	</source>
	<size>
		<width>416</width>
		<height>416</height>
		<depth>3</depth>
	</size>
	<segmented>0</segmented>
	<object>
		<name>PET</name>
		<pose>Unspecified</pose>
		<truncated>0</truncated>
		<difficult>0</difficult>
		<bndbox>
			<xmin>106</xmin>
			<ymin>117</ymin>
			<xmax>313</xmax>
			<ymax>323</ymax>
		</bndbox>
	</object>
	<object>
		<name>can</name>
		<pose>Unspecified</pose>
		<truncated>0</truncated>
		<difficult>0</difficult>
		<bndbox>
			<xmin>76</xmin>
			<ymin>85</ymin>
			<xmax>204</xmax>
			<ymax>223</ymax>
		</bndbox>
	</object>
	<object>
		<name>can</name>
		<pose>Unspecified</pose>
		<truncated>0</truncated>
		<difficult>0</difficult>
		<bndbox>
			<xmin>217</xmin>
			<ymin>210</ymin>
			<xmax>338</xmax>
			<ymax>351</ymax>
		</bndbox>
	</object>
</annotation>
