<annotation>
	<folder>multi</folder>
	<filename>b_0_2442.jpg</filename>
	<path>C:\Users\요셉\Desktop\waste_classification\train\multi\b_0_2442.jpg</path>
	<source>
		<database>Unknown</database>
	</source>
	<size>
		<width>416</width>
		<height>416</height>
		<depth>3</depth>
	</size>
	<segmented>0</segmented>
	<object>
		<name>PET</name>
		<pose>Unspecified</pose>
		<truncated>0</truncated>
		<difficult>0</difficult>
		<bndbox>
			<xmin>97</xmin>
			<ymin>118</ymin>
			<xmax>309</xmax>
			<ymax>316</ymax>
		</bndbox>
	</object>
	<object>
		<name>can</name>
		<pose>Unspecified</pose>
		<truncated>0</truncated>
		<difficult>0</difficult>
		<bndbox>
			<xmin>82</xmin>
			<ymin>77</ymin>
			<xmax>216</xmax>
			<ymax>220</ymax>
		</bndbox>
	</object>
	<object>
		<name>can</name>
		<pose>Unspecified</pose>
		<truncated>0</truncated>
		<difficult>0</difficult>
		<bndbox>
			<xmin>203</xmin>
			<ymin>211</ymin>
			<xmax>350</xmax>
			<ymax>360</ymax>
		</bndbox>
	</object>
</annotation>
