<annotation>
	<folder>multi</folder>
	<filename>b_0_4845.jpg</filename>
	<path>C:\Users\요셉\Desktop\waste_classification\train\multi\b_0_4845.jpg</path>
	<source>
		<database>Unknown</database>
	</source>
	<size>
		<width>416</width>
		<height>416</height>
		<depth>3</depth>
	</size>
	<segmented>0</segmented>
	<object>
		<name>PET</name>
		<pose>Unspecified</pose>
		<truncated>0</truncated>
		<difficult>0</difficult>
		<bndbox>
			<xmin>161</xmin>
			<ymin>106</ymin>
			<xmax>363</xmax>
			<ymax>378</ymax>
		</bndbox>
	</object>
	<object>
		<name>can</name>
		<pose>Unspecified</pose>
		<truncated>0</truncated>
		<difficult>0</difficult>
		<bndbox>
			<xmin>31</xmin>
			<ymin>27</ymin>
			<xmax>259</xmax>
			<ymax>296</ymax>
		</bndbox>
	</object>
</annotation>
