<annotation>
	<folder>multi</folder>
	<filename>b_0_3858.jpg</filename>
	<path>C:\Users\요셉\Desktop\waste_classification\train\multi\b_0_3858.jpg</path>
	<source>
		<database>Unknown</database>
	</source>
	<size>
		<width>416</width>
		<height>416</height>
		<depth>3</depth>
	</size>
	<segmented>0</segmented>
	<object>
		<name>PET</name>
		<pose>Unspecified</pose>
		<truncated>0</truncated>
		<difficult>0</difficult>
		<bndbox>
			<xmin>150</xmin>
			<ymin>17</ymin>
			<xmax>369</xmax>
			<ymax>301</ymax>
		</bndbox>
	</object>
	<object>
		<name>can</name>
		<pose>Unspecified</pose>
		<truncated>0</truncated>
		<difficult>0</difficult>
		<bndbox>
			<xmin>45</xmin>
			<ymin>134</ymin>
			<xmax>246</xmax>
			<ymax>373</ymax>
		</bndbox>
	</object>
</annotation>
