<annotation>
	<folder>multi</folder>
	<filename>b_0_6551.jpg</filename>
	<path>C:\Users\요셉\Desktop\waste_classification\train\multi\b_0_6551.jpg</path>
	<source>
		<database>Unknown</database>
	</source>
	<size>
		<width>416</width>
		<height>416</height>
		<depth>3</depth>
	</size>
	<segmented>0</segmented>
	<object>
		<name>PET</name>
		<pose>Unspecified</pose>
		<truncated>1</truncated>
		<difficult>0</difficult>
		<bndbox>
			<xmin>1</xmin>
			<ymin>206</ymin>
			<xmax>405</xmax>
			<ymax>410</ymax>
		</bndbox>
	</object>
	<object>
		<name>can</name>
		<pose>Unspecified</pose>
		<truncated>1</truncated>
		<difficult>0</difficult>
		<bndbox>
			<xmin>20</xmin>
			<ymin>1</ymin>
			<xmax>292</xmax>
			<ymax>200</ymax>
		</bndbox>
	</object>
</annotation>
