<annotation>
	<folder>multi</folder>
	<filename>b_0_4718.jpg</filename>
	<path>C:\Users\요셉\Desktop\waste_classification\train\multi\b_0_4718.jpg</path>
	<source>
		<database>Unknown</database>
	</source>
	<size>
		<width>416</width>
		<height>416</height>
		<depth>3</depth>
	</size>
	<segmented>0</segmented>
	<object>
		<name>PET</name>
		<pose>Unspecified</pose>
		<truncated>0</truncated>
		<difficult>0</difficult>
		<bndbox>
			<xmin>65</xmin>
			<ymin>55</ymin>
			<xmax>387</xmax>
			<ymax>149</ymax>
		</bndbox>
	</object>
	<object>
		<name>PET</name>
		<pose>Unspecified</pose>
		<truncated>0</truncated>
		<difficult>0</difficult>
		<bndbox>
			<xmin>24</xmin>
			<ymin>270</ymin>
			<xmax>351</xmax>
			<ymax>375</ymax>
		</bndbox>
	</object>
	<object>
		<name>can</name>
		<pose>Unspecified</pose>
		<truncated>0</truncated>
		<difficult>0</difficult>
		<bndbox>
			<xmin>77</xmin>
			<ymin>150</ymin>
			<xmax>317</xmax>
			<ymax>256</ymax>
		</bndbox>
	</object>
</annotation>
