<annotation>
	<folder>multi</folder>
	<filename>b_0_2108.jpg</filename>
	<path>C:\Users\요셉\Desktop\waste_classification\train\multi\b_0_2108.jpg</path>
	<source>
		<database>Unknown</database>
	</source>
	<size>
		<width>416</width>
		<height>416</height>
		<depth>3</depth>
	</size>
	<segmented>0</segmented>
	<object>
		<name>PET</name>
		<pose>Unspecified</pose>
		<truncated>0</truncated>
		<difficult>0</difficult>
		<bndbox>
			<xmin>100</xmin>
			<ymin>67</ymin>
			<xmax>207</xmax>
			<ymax>284</ymax>
		</bndbox>
	</object>
	<object>
		<name>PET</name>
		<pose>Unspecified</pose>
		<truncated>0</truncated>
		<difficult>0</difficult>
		<bndbox>
			<xmin>237</xmin>
			<ymin>126</ymin>
			<xmax>373</xmax>
			<ymax>345</ymax>
		</bndbox>
	</object>
</annotation>
