<annotation>
	<folder>multi</folder>
	<filename>b_0_6997.jpg</filename>
	<path>C:\Users\요셉\Desktop\waste_classification\train\multi\b_0_6997.jpg</path>
	<source>
		<database>Unknown</database>
	</source>
	<size>
		<width>416</width>
		<height>416</height>
		<depth>3</depth>
	</size>
	<segmented>0</segmented>
	<object>
		<name>PET</name>
		<pose>Unspecified</pose>
		<truncated>0</truncated>
		<difficult>0</difficult>
		<bndbox>
			<xmin>65</xmin>
			<ymin>131</ymin>
			<xmax>211</xmax>
			<ymax>331</ymax>
		</bndbox>
	</object>
	<object>
		<name>PET</name>
		<pose>Unspecified</pose>
		<truncated>0</truncated>
		<difficult>0</difficult>
		<bndbox>
			<xmin>219</xmin>
			<ymin>55</ymin>
			<xmax>356</xmax>
			<ymax>262</ymax>
		</bndbox>
	</object>
</annotation>
