<annotation>
	<folder>multi</folder>
	<filename>b_0_6298.jpg</filename>
	<path>C:\Users\요셉\Desktop\waste_classification\train\multi\b_0_6298.jpg</path>
	<source>
		<database>Unknown</database>
	</source>
	<size>
		<width>416</width>
		<height>416</height>
		<depth>3</depth>
	</size>
	<segmented>0</segmented>
	<object>
		<name>PET</name>
		<pose>Unspecified</pose>
		<truncated>0</truncated>
		<difficult>0</difficult>
		<bndbox>
			<xmin>92</xmin>
			<ymin>12</ymin>
			<xmax>226</xmax>
			<ymax>209</ymax>
		</bndbox>
	</object>
	<object>
		<name>PET</name>
		<pose>Unspecified</pose>
		<truncated>0</truncated>
		<difficult>0</difficult>
		<bndbox>
			<xmin>270</xmin>
			<ymin>57</ymin>
			<xmax>400</xmax>
			<ymax>241</ymax>
		</bndbox>
	</object>
	<object>
		<name>can</name>
		<pose>Unspecified</pose>
		<truncated>0</truncated>
		<difficult>0</difficult>
		<bndbox>
			<xmin>81</xmin>
			<ymin>206</ymin>
			<xmax>241</xmax>
			<ymax>284</ymax>
		</bndbox>
	</object>
	<object>
		<name>can</name>
		<pose>Unspecified</pose>
		<truncated>0</truncated>
		<difficult>0</difficult>
		<bndbox>
			<xmin>130</xmin>
			<ymin>294</ymin>
			<xmax>297</xmax>
			<ymax>380</ymax>
		</bndbox>
	</object>
</annotation>
