<annotation>
	<folder>multi</folder>
	<filename>b_0_9901.jpg</filename>
	<path>C:\Users\요셉\Desktop\waste_classification\train\multi\b_0_9901.jpg</path>
	<source>
		<database>Unknown</database>
	</source>
	<size>
		<width>416</width>
		<height>416</height>
		<depth>3</depth>
	</size>
	<segmented>0</segmented>
	<object>
		<name>PET</name>
		<pose>Unspecified</pose>
		<truncated>0</truncated>
		<difficult>0</difficult>
		<bndbox>
			<xmin>23</xmin>
			<ymin>119</ymin>
			<xmax>155</xmax>
			<ymax>355</ymax>
		</bndbox>
	</object>
	<object>
		<name>can</name>
		<pose>Unspecified</pose>
		<truncated>0</truncated>
		<difficult>0</difficult>
		<bndbox>
			<xmin>160</xmin>
			<ymin>28</ymin>
			<xmax>288</xmax>
			<ymax>179</ymax>
		</bndbox>
	</object>
	<object>
		<name>can</name>
		<pose>Unspecified</pose>
		<truncated>0</truncated>
		<difficult>0</difficult>
		<bndbox>
			<xmin>228</xmin>
			<ymin>200</ymin>
			<xmax>345</xmax>
			<ymax>363</ymax>
		</bndbox>
	</object>
</annotation>
