<annotation>
	<folder>multi</folder>
	<filename>b_0_3610.jpg</filename>
	<path>C:\Users\요셉\Desktop\waste_classification\train\multi\b_0_3610.jpg</path>
	<source>
		<database>Unknown</database>
	</source>
	<size>
		<width>416</width>
		<height>416</height>
		<depth>3</depth>
	</size>
	<segmented>0</segmented>
	<object>
		<name>PET</name>
		<pose>Unspecified</pose>
		<truncated>0</truncated>
		<difficult>0</difficult>
		<bndbox>
			<xmin>35</xmin>
			<ymin>50</ymin>
			<xmax>341</xmax>
			<ymax>153</ymax>
		</bndbox>
	</object>
	<object>
		<name>PET</name>
		<pose>Unspecified</pose>
		<truncated>0</truncated>
		<difficult>0</difficult>
		<bndbox>
			<xmin>65</xmin>
			<ymin>267</ymin>
			<xmax>372</xmax>
			<ymax>374</ymax>
		</bndbox>
	</object>
	<object>
		<name>can</name>
		<pose>Unspecified</pose>
		<truncated>0</truncated>
		<difficult>0</difficult>
		<bndbox>
			<xmin>80</xmin>
			<ymin>152</ymin>
			<xmax>302</xmax>
			<ymax>255</ymax>
		</bndbox>
	</object>
</annotation>
