<annotation>
	<folder>multi</folder>
	<filename>b_0_2227.jpg</filename>
	<path>C:\Users\요셉\Desktop\waste_classification\train\multi\b_0_2227.jpg</path>
	<source>
		<database>Unknown</database>
	</source>
	<size>
		<width>416</width>
		<height>416</height>
		<depth>3</depth>
	</size>
	<segmented>0</segmented>
	<object>
		<name>PET</name>
		<pose>Unspecified</pose>
		<truncated>0</truncated>
		<difficult>0</difficult>
		<bndbox>
			<xmin>124</xmin>
			<ymin>114</ymin>
			<xmax>312</xmax>
			<ymax>321</ymax>
		</bndbox>
	</object>
	<object>
		<name>can</name>
		<pose>Unspecified</pose>
		<truncated>0</truncated>
		<difficult>0</difficult>
		<bndbox>
			<xmin>35</xmin>
			<ymin>210</ymin>
			<xmax>176</xmax>
			<ymax>362</ymax>
		</bndbox>
	</object>
	<object>
		<name>can</name>
		<pose>Unspecified</pose>
		<truncated>0</truncated>
		<difficult>0</difficult>
		<bndbox>
			<xmin>280</xmin>
			<ymin>149</ymin>
			<xmax>358</xmax>
			<ymax>240</ymax>
		</bndbox>
	</object>
	<object>
		<name>can</name>
		<pose>Unspecified</pose>
		<truncated>0</truncated>
		<difficult>0</difficult>
		<bndbox>
			<xmin>279</xmin>
			<ymin>48</ymin>
			<xmax>400</xmax>
			<ymax>191</ymax>
		</bndbox>
	</object>
</annotation>
