<annotation>
	<folder>multi</folder>
	<filename>b_0_4807.jpg</filename>
	<path>C:\Users\요셉\Desktop\waste_classification\train\multi\b_0_4807.jpg</path>
	<source>
		<database>Unknown</database>
	</source>
	<size>
		<width>416</width>
		<height>416</height>
		<depth>3</depth>
	</size>
	<segmented>0</segmented>
	<object>
		<name>PET</name>
		<pose>Unspecified</pose>
		<truncated>0</truncated>
		<difficult>0</difficult>
		<bndbox>
			<xmin>70</xmin>
			<ymin>38</ymin>
			<xmax>209</xmax>
			<ymax>227</ymax>
		</bndbox>
	</object>
	<object>
		<name>PET</name>
		<pose>Unspecified</pose>
		<truncated>0</truncated>
		<difficult>0</difficult>
		<bndbox>
			<xmin>99</xmin>
			<ymin>172</ymin>
			<xmax>328</xmax>
			<ymax>329</ymax>
		</bndbox>
	</object>
	<object>
		<name>PET</name>
		<pose>Unspecified</pose>
		<truncated>0</truncated>
		<difficult>0</difficult>
		<bndbox>
			<xmin>141</xmin>
			<ymin>257</ymin>
			<xmax>392</xmax>
			<ymax>411</ymax>
		</bndbox>
	</object>
</annotation>
