<annotation>
	<folder>multi</folder>
	<filename>b_0_240.jpg</filename>
	<path>C:\Users\요셉\Desktop\waste_classification\train\multi\b_0_240.jpg</path>
	<source>
		<database>Unknown</database>
	</source>
	<size>
		<width>416</width>
		<height>416</height>
		<depth>3</depth>
	</size>
	<segmented>0</segmented>
	<object>
		<name>PET</name>
		<pose>Unspecified</pose>
		<truncated>1</truncated>
		<difficult>0</difficult>
		<bndbox>
			<xmin>18</xmin>
			<ymin>1</ymin>
			<xmax>286</xmax>
			<ymax>217</ymax>
		</bndbox>
	</object>
	<object>
		<name>PET</name>
		<pose>Unspecified</pose>
		<truncated>0</truncated>
		<difficult>0</difficult>
		<bndbox>
			<xmin>150</xmin>
			<ymin>171</ymin>
			<xmax>410</xmax>
			<ymax>391</ymax>
		</bndbox>
	</object>
	<object>
		<name>can</name>
		<pose>Unspecified</pose>
		<truncated>0</truncated>
		<difficult>0</difficult>
		<bndbox>
			<xmin>119</xmin>
			<ymin>117</ymin>
			<xmax>326</xmax>
			<ymax>294</ymax>
		</bndbox>
	</object>
</annotation>
