<annotation>
	<folder>multi</folder>
	<filename>b_0_7303.jpg</filename>
	<path>C:\Users\요셉\Desktop\waste_classification\train\multi\b_0_7303.jpg</path>
	<source>
		<database>Unknown</database>
	</source>
	<size>
		<width>416</width>
		<height>416</height>
		<depth>3</depth>
	</size>
	<segmented>0</segmented>
	<object>
		<name>PET</name>
		<pose>Unspecified</pose>
		<truncated>0</truncated>
		<difficult>0</difficult>
		<bndbox>
			<xmin>55</xmin>
			<ymin>191</ymin>
			<xmax>305</xmax>
			<ymax>307</ymax>
		</bndbox>
	</object>
	<object>
		<name>PET</name>
		<pose>Unspecified</pose>
		<truncated>0</truncated>
		<difficult>0</difficult>
		<bndbox>
			<xmin>24</xmin>
			<ymin>271</ymin>
			<xmax>277</xmax>
			<ymax>387</ymax>
		</bndbox>
	</object>
	<object>
		<name>can</name>
		<pose>Unspecified</pose>
		<truncated>0</truncated>
		<difficult>0</difficult>
		<bndbox>
			<xmin>155</xmin>
			<ymin>39</ymin>
			<xmax>336</xmax>
			<ymax>140</ymax>
		</bndbox>
	</object>
	<object>
		<name>can</name>
		<pose>Unspecified</pose>
		<truncated>0</truncated>
		<difficult>0</difficult>
		<bndbox>
			<xmin>221</xmin>
			<ymin>134</ymin>
			<xmax>324</xmax>
			<ymax>214</ymax>
		</bndbox>
	</object>
</annotation>
