<annotation>
	<folder>multi</folder>
	<filename>b_0_8041.jpg</filename>
	<path>C:\Users\요셉\Desktop\waste_classification\train\multi\b_0_8041.jpg</path>
	<source>
		<database>Unknown</database>
	</source>
	<size>
		<width>416</width>
		<height>416</height>
		<depth>3</depth>
	</size>
	<segmented>0</segmented>
	<object>
		<name>PET</name>
		<pose>Unspecified</pose>
		<truncated>0</truncated>
		<difficult>0</difficult>
		<bndbox>
			<xmin>57</xmin>
			<ymin>206</ymin>
			<xmax>153</xmax>
			<ymax>385</ymax>
		</bndbox>
	</object>
	<object>
		<name>PET</name>
		<pose>Unspecified</pose>
		<truncated>0</truncated>
		<difficult>0</difficult>
		<bndbox>
			<xmin>228</xmin>
			<ymin>206</ymin>
			<xmax>342</xmax>
			<ymax>388</ymax>
		</bndbox>
	</object>
	<object>
		<name>can</name>
		<pose>Unspecified</pose>
		<truncated>0</truncated>
		<difficult>0</difficult>
		<bndbox>
			<xmin>86</xmin>
			<ymin>45</ymin>
			<xmax>249</xmax>
			<ymax>129</ymax>
		</bndbox>
	</object>
	<object>
		<name>can</name>
		<pose>Unspecified</pose>
		<truncated>0</truncated>
		<difficult>0</difficult>
		<bndbox>
			<xmin>172</xmin>
			<ymin>125</ymin>
			<xmax>331</xmax>
			<ymax>203</ymax>
		</bndbox>
	</object>
</annotation>
