<annotation>
	<folder>multi</folder>
	<filename>b_0_4315.jpg</filename>
	<path>C:\Users\요셉\Desktop\waste_classification\train\multi\b_0_4315.jpg</path>
	<source>
		<database>Unknown</database>
	</source>
	<size>
		<width>416</width>
		<height>416</height>
		<depth>3</depth>
	</size>
	<segmented>0</segmented>
	<object>
		<name>PET</name>
		<pose>Unspecified</pose>
		<truncated>0</truncated>
		<difficult>0</difficult>
		<bndbox>
			<xmin>41</xmin>
			<ymin>150</ymin>
			<xmax>213</xmax>
			<ymax>378</ymax>
		</bndbox>
	</object>
	<object>
		<name>PET</name>
		<pose>Unspecified</pose>
		<truncated>0</truncated>
		<difficult>0</difficult>
		<bndbox>
			<xmin>180</xmin>
			<ymin>82</ymin>
			<xmax>335</xmax>
			<ymax>315</ymax>
		</bndbox>
	</object>
	<object>
		<name>PET</name>
		<pose>Unspecified</pose>
		<truncated>0</truncated>
		<difficult>0</difficult>
		<bndbox>
			<xmin>256</xmin>
			<ymin>49</ymin>
			<xmax>404</xmax>
			<ymax>269</ymax>
		</bndbox>
	</object>
</annotation>
