<annotation>
	<folder>multi</folder>
	<filename>b_0_2854.jpg</filename>
	<path>C:\Users\요셉\Desktop\waste_classification\train\multi\b_0_2854.jpg</path>
	<source>
		<database>Unknown</database>
	</source>
	<size>
		<width>416</width>
		<height>416</height>
		<depth>3</depth>
	</size>
	<segmented>0</segmented>
	<object>
		<name>PET</name>
		<pose>Unspecified</pose>
		<truncated>0</truncated>
		<difficult>0</difficult>
		<bndbox>
			<xmin>48</xmin>
			<ymin>92</ymin>
			<xmax>205</xmax>
			<ymax>206</ymax>
		</bndbox>
	</object>
	<object>
		<name>PET</name>
		<pose>Unspecified</pose>
		<truncated>0</truncated>
		<difficult>0</difficult>
		<bndbox>
			<xmin>265</xmin>
			<ymin>50</ymin>
			<xmax>393</xmax>
			<ymax>162</ymax>
		</bndbox>
	</object>
	<object>
		<name>PET</name>
		<pose>Unspecified</pose>
		<truncated>1</truncated>
		<difficult>0</difficult>
		<bndbox>
			<xmin>233</xmin>
			<ymin>277</ymin>
			<xmax>346</xmax>
			<ymax>416</ymax>
		</bndbox>
	</object>
	<object>
		<name>PET</name>
		<pose>Unspecified</pose>
		<truncated>0</truncated>
		<difficult>0</difficult>
		<bndbox>
			<xmin>75</xmin>
			<ymin>253</ymin>
			<xmax>151</xmax>
			<ymax>378</ymax>
		</bndbox>
	</object>
</annotation>
