<annotation>
	<folder>multi</folder>
	<filename>b_0_3326.jpg</filename>
	<path>C:\Users\요셉\Desktop\waste_classification\train\multi\b_0_3326.jpg</path>
	<source>
		<database>Unknown</database>
	</source>
	<size>
		<width>416</width>
		<height>416</height>
		<depth>3</depth>
	</size>
	<segmented>0</segmented>
	<object>
		<name>PET</name>
		<pose>Unspecified</pose>
		<truncated>1</truncated>
		<difficult>0</difficult>
		<bndbox>
			<xmin>93</xmin>
			<ymin>1</ymin>
			<xmax>232</xmax>
			<ymax>150</ymax>
		</bndbox>
	</object>
	<object>
		<name>can</name>
		<pose>Unspecified</pose>
		<truncated>0</truncated>
		<difficult>0</difficult>
		<bndbox>
			<xmin>27</xmin>
			<ymin>195</ymin>
			<xmax>146</xmax>
			<ymax>311</ymax>
		</bndbox>
	</object>
	<object>
		<name>can</name>
		<pose>Unspecified</pose>
		<truncated>0</truncated>
		<difficult>0</difficult>
		<bndbox>
			<xmin>80</xmin>
			<ymin>242</ymin>
			<xmax>199</xmax>
			<ymax>363</ymax>
		</bndbox>
	</object>
	<object>
		<name>can</name>
		<pose>Unspecified</pose>
		<truncated>1</truncated>
		<difficult>0</difficult>
		<bndbox>
			<xmin>259</xmin>
			<ymin>173</ymin>
			<xmax>416</xmax>
			<ymax>323</ymax>
		</bndbox>
	</object>
</annotation>
