<annotation>
	<folder>multi</folder>
	<filename>b_0_3931.jpg</filename>
	<path>C:\Users\요셉\Desktop\waste_classification\train\multi\b_0_3931.jpg</path>
	<source>
		<database>Unknown</database>
	</source>
	<size>
		<width>416</width>
		<height>416</height>
		<depth>3</depth>
	</size>
	<segmented>0</segmented>
	<object>
		<name>PET</name>
		<pose>Unspecified</pose>
		<truncated>0</truncated>
		<difficult>0</difficult>
		<bndbox>
			<xmin>41</xmin>
			<ymin>53</ymin>
			<xmax>227</xmax>
			<ymax>265</ymax>
		</bndbox>
	</object>
	<object>
		<name>PET</name>
		<pose>Unspecified</pose>
		<truncated>0</truncated>
		<difficult>0</difficult>
		<bndbox>
			<xmin>204</xmin>
			<ymin>184</ymin>
			<xmax>363</xmax>
			<ymax>319</ymax>
		</bndbox>
	</object>
</annotation>
