<annotation>
	<folder>multi</folder>
	<filename>b_0_466.jpg</filename>
	<path>C:\Users\요셉\Desktop\waste_classification\train\multi\b_0_466.jpg</path>
	<source>
		<database>Unknown</database>
	</source>
	<size>
		<width>416</width>
		<height>416</height>
		<depth>3</depth>
	</size>
	<segmented>0</segmented>
	<object>
		<name>PET</name>
		<pose>Unspecified</pose>
		<truncated>0</truncated>
		<difficult>0</difficult>
		<bndbox>
			<xmin>62</xmin>
			<ymin>228</ymin>
			<xmax>363</xmax>
			<ymax>348</ymax>
		</bndbox>
	</object>
	<object>
		<name>can</name>
		<pose>Unspecified</pose>
		<truncated>0</truncated>
		<difficult>0</difficult>
		<bndbox>
			<xmin>108</xmin>
			<ymin>55</ymin>
			<xmax>378</xmax>
			<ymax>198</ymax>
		</bndbox>
	</object>
</annotation>
