<annotation>
	<folder>multi</folder>
	<filename>b_0_8590.jpg</filename>
	<path>C:\Users\요셉\Desktop\waste_classification\train\multi\b_0_8590.jpg</path>
	<source>
		<database>Unknown</database>
	</source>
	<size>
		<width>416</width>
		<height>416</height>
		<depth>3</depth>
	</size>
	<segmented>0</segmented>
	<object>
		<name>PET</name>
		<pose>Unspecified</pose>
		<truncated>0</truncated>
		<difficult>0</difficult>
		<bndbox>
			<xmin>68</xmin>
			<ymin>108</ymin>
			<xmax>162</xmax>
			<ymax>351</ymax>
		</bndbox>
	</object>
	<object>
		<name>PET</name>
		<pose>Unspecified</pose>
		<truncated>0</truncated>
		<difficult>0</difficult>
		<bndbox>
			<xmin>214</xmin>
			<ymin>104</ymin>
			<xmax>294</xmax>
			<ymax>341</ymax>
		</bndbox>
	</object>
	<object>
		<name>PET</name>
		<pose>Unspecified</pose>
		<truncated>0</truncated>
		<difficult>0</difficult>
		<bndbox>
			<xmin>302</xmin>
			<ymin>102</ymin>
			<xmax>377</xmax>
			<ymax>335</ymax>
		</bndbox>
	</object>
</annotation>
