<annotation>
	<folder>multi</folder>
	<filename>b_0_7984.jpg</filename>
	<path>C:\Users\요셉\Desktop\waste_classification\train\multi\b_0_7984.jpg</path>
	<source>
		<database>Unknown</database>
	</source>
	<size>
		<width>416</width>
		<height>416</height>
		<depth>3</depth>
	</size>
	<segmented>0</segmented>
	<object>
		<name>PET</name>
		<pose>Unspecified</pose>
		<truncated>0</truncated>
		<difficult>0</difficult>
		<bndbox>
			<xmin>63</xmin>
			<ymin>163</ymin>
			<xmax>284</xmax>
			<ymax>323</ymax>
		</bndbox>
	</object>
	<object>
		<name>PET</name>
		<pose>Unspecified</pose>
		<truncated>0</truncated>
		<difficult>0</difficult>
		<bndbox>
			<xmin>19</xmin>
			<ymin>238</ymin>
			<xmax>242</xmax>
			<ymax>396</ymax>
		</bndbox>
	</object>
	<object>
		<name>can</name>
		<pose>Unspecified</pose>
		<truncated>0</truncated>
		<difficult>0</difficult>
		<bndbox>
			<xmin>228</xmin>
			<ymin>139</ymin>
			<xmax>328</xmax>
			<ymax>233</ymax>
		</bndbox>
	</object>
	<object>
		<name>can</name>
		<pose>Unspecified</pose>
		<truncated>0</truncated>
		<difficult>0</difficult>
		<bndbox>
			<xmin>175</xmin>
			<ymin>37</ymin>
			<xmax>350</xmax>
			<ymax>157</ymax>
		</bndbox>
	</object>
</annotation>
