<annotation>
	<folder>multi</folder>
	<filename>b_0_3371.jpg</filename>
	<path>C:\Users\요셉\Desktop\waste_classification\train\multi\b_0_3371.jpg</path>
	<source>
		<database>Unknown</database>
	</source>
	<size>
		<width>416</width>
		<height>416</height>
		<depth>3</depth>
	</size>
	<segmented>0</segmented>
	<object>
		<name>PET</name>
		<pose>Unspecified</pose>
		<truncated>0</truncated>
		<difficult>0</difficult>
		<bndbox>
			<xmin>58</xmin>
			<ymin>185</ymin>
			<xmax>182</xmax>
			<ymax>340</ymax>
		</bndbox>
	</object>
	<object>
		<name>PET</name>
		<pose>Unspecified</pose>
		<truncated>0</truncated>
		<difficult>0</difficult>
		<bndbox>
			<xmin>156</xmin>
			<ymin>68</ymin>
			<xmax>284</xmax>
			<ymax>178</ymax>
		</bndbox>
	</object>
	<object>
		<name>PET</name>
		<pose>Unspecified</pose>
		<truncated>0</truncated>
		<difficult>0</difficult>
		<bndbox>
			<xmin>261</xmin>
			<ymin>216</ymin>
			<xmax>408</xmax>
			<ymax>308</ymax>
		</bndbox>
	</object>
</annotation>
