<annotation>
	<folder>multi</folder>
	<filename>b_0_5723.jpg</filename>
	<path>C:\Users\요셉\Desktop\waste_classification\train\multi\b_0_5723.jpg</path>
	<source>
		<database>Unknown</database>
	</source>
	<size>
		<width>416</width>
		<height>416</height>
		<depth>3</depth>
	</size>
	<segmented>0</segmented>
	<object>
		<name>PET</name>
		<pose>Unspecified</pose>
		<truncated>0</truncated>
		<difficult>0</difficult>
		<bndbox>
			<xmin>7</xmin>
			<ymin>160</ymin>
			<xmax>131</xmax>
			<ymax>277</ymax>
		</bndbox>
	</object>
	<object>
		<name>PET</name>
		<pose>Unspecified</pose>
		<truncated>0</truncated>
		<difficult>0</difficult>
		<bndbox>
			<xmin>76</xmin>
			<ymin>327</ymin>
			<xmax>236</xmax>
			<ymax>414</ymax>
		</bndbox>
	</object>
	<object>
		<name>PET</name>
		<pose>Unspecified</pose>
		<truncated>0</truncated>
		<difficult>0</difficult>
		<bndbox>
			<xmin>135</xmin>
			<ymin>54</ymin>
			<xmax>255</xmax>
			<ymax>177</ymax>
		</bndbox>
	</object>
	<object>
		<name>PET</name>
		<pose>Unspecified</pose>
		<truncated>1</truncated>
		<difficult>0</difficult>
		<bndbox>
			<xmin>290</xmin>
			<ymin>159</ymin>
			<xmax>416</xmax>
			<ymax>301</ymax>
		</bndbox>
	</object>
</annotation>
