<annotation>
	<folder>multi</folder>
	<filename>b_0_2218.jpg</filename>
	<path>C:\Users\요셉\Desktop\waste_classification\train\multi\b_0_2218.jpg</path>
	<source>
		<database>Unknown</database>
	</source>
	<size>
		<width>416</width>
		<height>416</height>
		<depth>3</depth>
	</size>
	<segmented>0</segmented>
	<object>
		<name>PET</name>
		<pose>Unspecified</pose>
		<truncated>0</truncated>
		<difficult>0</difficult>
		<bndbox>
			<xmin>43</xmin>
			<ymin>37</ymin>
			<xmax>233</xmax>
			<ymax>252</ymax>
		</bndbox>
	</object>
	<object>
		<name>PET</name>
		<pose>Unspecified</pose>
		<truncated>0</truncated>
		<difficult>0</difficult>
		<bndbox>
			<xmin>202</xmin>
			<ymin>201</ymin>
			<xmax>348</xmax>
			<ymax>343</ymax>
		</bndbox>
	</object>
</annotation>
