<annotation>
	<folder>multi</folder>
	<filename>b_0_4898.jpg</filename>
	<path>C:\Users\요셉\Desktop\waste_classification\train\multi\b_0_4898.jpg</path>
	<source>
		<database>Unknown</database>
	</source>
	<size>
		<width>416</width>
		<height>416</height>
		<depth>3</depth>
	</size>
	<segmented>0</segmented>
	<object>
		<name>PET</name>
		<pose>Unspecified</pose>
		<truncated>0</truncated>
		<difficult>0</difficult>
		<bndbox>
			<xmin>24</xmin>
			<ymin>43</ymin>
			<xmax>281</xmax>
			<ymax>269</ymax>
		</bndbox>
	</object>
	<object>
		<name>can</name>
		<pose>Unspecified</pose>
		<truncated>0</truncated>
		<difficult>0</difficult>
		<bndbox>
			<xmin>139</xmin>
			<ymin>165</ymin>
			<xmax>365</xmax>
			<ymax>379</ymax>
		</bndbox>
	</object>
</annotation>
