<annotation>
	<folder>multi</folder>
	<filename>b_0_2469.jpg</filename>
	<path>C:\Users\요셉\Desktop\waste_classification\train\multi\b_0_2469.jpg</path>
	<source>
		<database>Unknown</database>
	</source>
	<size>
		<width>416</width>
		<height>416</height>
		<depth>3</depth>
	</size>
	<segmented>0</segmented>
	<object>
		<name>PET</name>
		<pose>Unspecified</pose>
		<truncated>0</truncated>
		<difficult>0</difficult>
		<bndbox>
			<xmin>16</xmin>
			<ymin>182</ymin>
			<xmax>211</xmax>
			<ymax>377</ymax>
		</bndbox>
	</object>
	<object>
		<name>can</name>
		<pose>Unspecified</pose>
		<truncated>0</truncated>
		<difficult>0</difficult>
		<bndbox>
			<xmin>106</xmin>
			<ymin>27</ymin>
			<xmax>251</xmax>
			<ymax>182</ymax>
		</bndbox>
	</object>
	<object>
		<name>can</name>
		<pose>Unspecified</pose>
		<truncated>0</truncated>
		<difficult>0</difficult>
		<bndbox>
			<xmin>232</xmin>
			<ymin>158</ymin>
			<xmax>389</xmax>
			<ymax>323</ymax>
		</bndbox>
	</object>
</annotation>
