<annotation>
	<folder>multi</folder>
	<filename>b_0_8352.jpg</filename>
	<path>C:\Users\요셉\Desktop\waste_classification\train\multi\b_0_8352.jpg</path>
	<source>
		<database>Unknown</database>
	</source>
	<size>
		<width>416</width>
		<height>416</height>
		<depth>3</depth>
	</size>
	<segmented>0</segmented>
	<object>
		<name>PET</name>
		<pose>Unspecified</pose>
		<truncated>0</truncated>
		<difficult>0</difficult>
		<bndbox>
			<xmin>117</xmin>
			<ymin>118</ymin>
			<xmax>311</xmax>
			<ymax>228</ymax>
		</bndbox>
	</object>
	<object>
		<name>PET</name>
		<pose>Unspecified</pose>
		<truncated>0</truncated>
		<difficult>0</difficult>
		<bndbox>
			<xmin>146</xmin>
			<ymin>48</ymin>
			<xmax>324</xmax>
			<ymax>145</ymax>
		</bndbox>
	</object>
	<object>
		<name>can</name>
		<pose>Unspecified</pose>
		<truncated>0</truncated>
		<difficult>0</difficult>
		<bndbox>
			<xmin>89</xmin>
			<ymin>216</ymin>
			<xmax>260</xmax>
			<ymax>314</ymax>
		</bndbox>
	</object>
	<object>
		<name>can</name>
		<pose>Unspecified</pose>
		<truncated>0</truncated>
		<difficult>0</difficult>
		<bndbox>
			<xmin>79</xmin>
			<ymin>299</ymin>
			<xmax>236</xmax>
			<ymax>390</ymax>
		</bndbox>
	</object>
</annotation>
