<annotation>
	<folder>multi</folder>
	<filename>b_0_6216.jpg</filename>
	<path>C:\Users\요셉\Desktop\waste_classification\train\multi\b_0_6216.jpg</path>
	<source>
		<database>Unknown</database>
	</source>
	<size>
		<width>416</width>
		<height>416</height>
		<depth>3</depth>
	</size>
	<segmented>0</segmented>
	<object>
		<name>PET</name>
		<pose>Unspecified</pose>
		<truncated>0</truncated>
		<difficult>0</difficult>
		<bndbox>
			<xmin>133</xmin>
			<ymin>85</ymin>
			<xmax>270</xmax>
			<ymax>328</ymax>
		</bndbox>
	</object>
	<object>
		<name>can</name>
		<pose>Unspecified</pose>
		<truncated>0</truncated>
		<difficult>0</difficult>
		<bndbox>
			<xmin>11</xmin>
			<ymin>170</ymin>
			<xmax>101</xmax>
			<ymax>327</ymax>
		</bndbox>
	</object>
	<object>
		<name>can</name>
		<pose>Unspecified</pose>
		<truncated>0</truncated>
		<difficult>0</difficult>
		<bndbox>
			<xmin>68</xmin>
			<ymin>138</ymin>
			<xmax>141</xmax>
			<ymax>234</ymax>
		</bndbox>
	</object>
	<object>
		<name>can</name>
		<pose>Unspecified</pose>
		<truncated>0</truncated>
		<difficult>0</difficult>
		<bndbox>
			<xmin>280</xmin>
			<ymin>77</ymin>
			<xmax>395</xmax>
			<ymax>273</ymax>
		</bndbox>
	</object>
</annotation>
