<annotation>
	<folder>multi</folder>
	<filename>b_0_6674.jpg</filename>
	<path>C:\Users\요셉\Desktop\waste_classification\train\multi\b_0_6674.jpg</path>
	<source>
		<database>Unknown</database>
	</source>
	<size>
		<width>416</width>
		<height>416</height>
		<depth>3</depth>
	</size>
	<segmented>0</segmented>
	<object>
		<name>PET</name>
		<pose>Unspecified</pose>
		<truncated>0</truncated>
		<difficult>0</difficult>
		<bndbox>
			<xmin>119</xmin>
			<ymin>111</ymin>
			<xmax>303</xmax>
			<ymax>329</ymax>
		</bndbox>
	</object>
	<object>
		<name>can</name>
		<pose>Unspecified</pose>
		<truncated>0</truncated>
		<difficult>0</difficult>
		<bndbox>
			<xmin>66</xmin>
			<ymin>193</ymin>
			<xmax>170</xmax>
			<ymax>323</ymax>
		</bndbox>
	</object>
	<object>
		<name>can</name>
		<pose>Unspecified</pose>
		<truncated>1</truncated>
		<difficult>0</difficult>
		<bndbox>
			<xmin>306</xmin>
			<ymin>157</ymin>
			<xmax>416</xmax>
			<ymax>298</ymax>
		</bndbox>
	</object>
</annotation>
