<annotation>
	<folder>multi</folder>
	<filename>b_0_2161.jpg</filename>
	<path>C:\Users\요셉\Desktop\waste_classification\train\multi\b_0_2161.jpg</path>
	<source>
		<database>Unknown</database>
	</source>
	<size>
		<width>416</width>
		<height>416</height>
		<depth>3</depth>
	</size>
	<segmented>0</segmented>
	<object>
		<name>PET</name>
		<pose>Unspecified</pose>
		<truncated>0</truncated>
		<difficult>0</difficult>
		<bndbox>
			<xmin>62</xmin>
			<ymin>92</ymin>
			<xmax>200</xmax>
			<ymax>204</ymax>
		</bndbox>
	</object>
	<object>
		<name>PET</name>
		<pose>Unspecified</pose>
		<truncated>0</truncated>
		<difficult>0</difficult>
		<bndbox>
			<xmin>253</xmin>
			<ymin>50</ymin>
			<xmax>410</xmax>
			<ymax>161</ymax>
		</bndbox>
	</object>
	<object>
		<name>PET</name>
		<pose>Unspecified</pose>
		<truncated>0</truncated>
		<difficult>0</difficult>
		<bndbox>
			<xmin>72</xmin>
			<ymin>253</ymin>
			<xmax>152</xmax>
			<ymax>371</ymax>
		</bndbox>
	</object>
	<object>
		<name>PET</name>
		<pose>Unspecified</pose>
		<truncated>0</truncated>
		<difficult>0</difficult>
		<bndbox>
			<xmin>226</xmin>
			<ymin>282</ymin>
			<xmax>350</xmax>
			<ymax>410</ymax>
		</bndbox>
	</object>
</annotation>
