<annotation>
	<folder>multi</folder>
	<filename>b_0_1932.jpg</filename>
	<path>C:\Users\요셉\Desktop\waste_classification\train\multi\b_0_1932.jpg</path>
	<source>
		<database>Unknown</database>
	</source>
	<size>
		<width>416</width>
		<height>416</height>
		<depth>3</depth>
	</size>
	<segmented>0</segmented>
	<object>
		<name>PET</name>
		<pose>Unspecified</pose>
		<truncated>0</truncated>
		<difficult>0</difficult>
		<bndbox>
			<xmin>48</xmin>
			<ymin>30</ymin>
			<xmax>145</xmax>
			<ymax>343</ymax>
		</bndbox>
	</object>
	<object>
		<name>PET</name>
		<pose>Unspecified</pose>
		<truncated>0</truncated>
		<difficult>0</difficult>
		<bndbox>
			<xmin>279</xmin>
			<ymin>57</ymin>
			<xmax>363</xmax>
			<ymax>368</ymax>
		</bndbox>
	</object>
	<object>
		<name>can</name>
		<pose>Unspecified</pose>
		<truncated>0</truncated>
		<difficult>0</difficult>
		<bndbox>
			<xmin>168</xmin>
			<ymin>79</ymin>
			<xmax>263</xmax>
			<ymax>316</ymax>
		</bndbox>
	</object>
</annotation>
