<annotation>
	<folder>multi</folder>
	<filename>b_0_3944.jpg</filename>
	<path>C:\Users\요셉\Desktop\waste_classification\train\multi\b_0_3944.jpg</path>
	<source>
		<database>Unknown</database>
	</source>
	<size>
		<width>416</width>
		<height>416</height>
		<depth>3</depth>
	</size>
	<segmented>0</segmented>
	<object>
		<name>PET</name>
		<pose>Unspecified</pose>
		<truncated>0</truncated>
		<difficult>0</difficult>
		<bndbox>
			<xmin>28</xmin>
			<ymin>170</ymin>
			<xmax>150</xmax>
			<ymax>360</ymax>
		</bndbox>
	</object>
	<object>
		<name>PET</name>
		<pose>Unspecified</pose>
		<truncated>0</truncated>
		<difficult>0</difficult>
		<bndbox>
			<xmin>247</xmin>
			<ymin>118</ymin>
			<xmax>348</xmax>
			<ymax>245</ymax>
		</bndbox>
	</object>
	<object>
		<name>can</name>
		<pose>Unspecified</pose>
		<truncated>0</truncated>
		<difficult>0</difficult>
		<bndbox>
			<xmin>131</xmin>
			<ymin>140</ymin>
			<xmax>246</xmax>
			<ymax>279</ymax>
		</bndbox>
	</object>
</annotation>
