<annotation>
	<folder>multi</folder>
	<filename>b_0_3222.jpg</filename>
	<path>C:\Users\요셉\Desktop\waste_classification\train\multi\b_0_3222.jpg</path>
	<source>
		<database>Unknown</database>
	</source>
	<size>
		<width>416</width>
		<height>416</height>
		<depth>3</depth>
	</size>
	<segmented>0</segmented>
	<object>
		<name>PET</name>
		<pose>Unspecified</pose>
		<truncated>0</truncated>
		<difficult>0</difficult>
		<bndbox>
			<xmin>192</xmin>
			<ymin>21</ymin>
			<xmax>364</xmax>
			<ymax>309</ymax>
		</bndbox>
	</object>
	<object>
		<name>can</name>
		<pose>Unspecified</pose>
		<truncated>0</truncated>
		<difficult>0</difficult>
		<bndbox>
			<xmin>53</xmin>
			<ymin>114</ymin>
			<xmax>223</xmax>
			<ymax>358</ymax>
		</bndbox>
	</object>
</annotation>
