<annotation>
	<folder>multi</folder>
	<filename>b_0_678.jpg</filename>
	<path>C:\Users\요셉\Desktop\waste_classification\train\multi\b_0_678.jpg</path>
	<source>
		<database>Unknown</database>
	</source>
	<size>
		<width>416</width>
		<height>416</height>
		<depth>3</depth>
	</size>
	<segmented>0</segmented>
	<object>
		<name>PET</name>
		<pose>Unspecified</pose>
		<truncated>0</truncated>
		<difficult>0</difficult>
		<bndbox>
			<xmin>55</xmin>
			<ymin>177</ymin>
			<xmax>172</xmax>
			<ymax>328</ymax>
		</bndbox>
	</object>
	<object>
		<name>PET</name>
		<pose>Unspecified</pose>
		<truncated>0</truncated>
		<difficult>0</difficult>
		<bndbox>
			<xmin>255</xmin>
			<ymin>221</ymin>
			<xmax>405</xmax>
			<ymax>305</ymax>
		</bndbox>
	</object>
	<object>
		<name>PET</name>
		<pose>Unspecified</pose>
		<truncated>0</truncated>
		<difficult>0</difficult>
		<bndbox>
			<xmin>151</xmin>
			<ymin>53</ymin>
			<xmax>292</xmax>
			<ymax>179</ymax>
		</bndbox>
	</object>
</annotation>
