<annotation>
	<folder>multi</folder>
	<filename>b_0_3668.jpg</filename>
	<path>C:\Users\요셉\Desktop\waste_classification\train\multi\b_0_3668.jpg</path>
	<source>
		<database>Unknown</database>
	</source>
	<size>
		<width>416</width>
		<height>416</height>
		<depth>3</depth>
	</size>
	<segmented>0</segmented>
	<object>
		<name>PET</name>
		<pose>Unspecified</pose>
		<truncated>0</truncated>
		<difficult>0</difficult>
		<bndbox>
			<xmin>24</xmin>
			<ymin>76</ymin>
			<xmax>342</xmax>
			<ymax>199</ymax>
		</bndbox>
	</object>
	<object>
		<name>can</name>
		<pose>Unspecified</pose>
		<truncated>0</truncated>
		<difficult>0</difficult>
		<bndbox>
			<xmin>97</xmin>
			<ymin>219</ymin>
			<xmax>347</xmax>
			<ymax>343</ymax>
		</bndbox>
	</object>
</annotation>
