<annotation>
	<folder>multi</folder>
	<filename>b_0_3926.jpg</filename>
	<path>C:\Users\요셉\Desktop\waste_classification\train\multi\b_0_3926.jpg</path>
	<source>
		<database>Unknown</database>
	</source>
	<size>
		<width>416</width>
		<height>416</height>
		<depth>3</depth>
	</size>
	<segmented>0</segmented>
	<object>
		<name>PET</name>
		<pose>Unspecified</pose>
		<truncated>0</truncated>
		<difficult>0</difficult>
		<bndbox>
			<xmin>97</xmin>
			<ymin>45</ymin>
			<xmax>360</xmax>
			<ymax>150</ymax>
		</bndbox>
	</object>
	<object>
		<name>can</name>
		<pose>Unspecified</pose>
		<truncated>0</truncated>
		<difficult>0</difficult>
		<bndbox>
			<xmin>38</xmin>
			<ymin>209</ymin>
			<xmax>197</xmax>
			<ymax>307</ymax>
		</bndbox>
	</object>
	<object>
		<name>can</name>
		<pose>Unspecified</pose>
		<truncated>0</truncated>
		<difficult>0</difficult>
		<bndbox>
			<xmin>229</xmin>
			<ymin>215</ymin>
			<xmax>387</xmax>
			<ymax>299</ymax>
		</bndbox>
	</object>
</annotation>
