<annotation>
	<folder>multi</folder>
	<filename>b_0_3288.jpg</filename>
	<path>C:\Users\요셉\Desktop\waste_classification\train\multi\b_0_3288.jpg</path>
	<source>
		<database>Unknown</database>
	</source>
	<size>
		<width>416</width>
		<height>416</height>
		<depth>3</depth>
	</size>
	<segmented>0</segmented>
	<object>
		<name>PET</name>
		<pose>Unspecified</pose>
		<truncated>0</truncated>
		<difficult>0</difficult>
		<bndbox>
			<xmin>155</xmin>
			<ymin>18</ymin>
			<xmax>360</xmax>
			<ymax>253</ymax>
		</bndbox>
	</object>
	<object>
		<name>can</name>
		<pose>Unspecified</pose>
		<truncated>0</truncated>
		<difficult>0</difficult>
		<bndbox>
			<xmin>13</xmin>
			<ymin>121</ymin>
			<xmax>237</xmax>
			<ymax>375</ymax>
		</bndbox>
	</object>
</annotation>
