<annotation>
	<folder>multi</folder>
	<filename>b_0_9539.jpg</filename>
	<path>C:\Users\요셉\Desktop\waste_classification\train\multi\b_0_9539.jpg</path>
	<source>
		<database>Unknown</database>
	</source>
	<size>
		<width>416</width>
		<height>416</height>
		<depth>3</depth>
	</size>
	<segmented>0</segmented>
	<object>
		<name>PET</name>
		<pose>Unspecified</pose>
		<truncated>0</truncated>
		<difficult>0</difficult>
		<bndbox>
			<xmin>11</xmin>
			<ymin>124</ymin>
			<xmax>405</xmax>
			<ymax>274</ymax>
		</bndbox>
	</object>
	<object>
		<name>can</name>
		<pose>Unspecified</pose>
		<truncated>0</truncated>
		<difficult>0</difficult>
		<bndbox>
			<xmin>47</xmin>
			<ymin>17</ymin>
			<xmax>294</xmax>
			<ymax>131</ymax>
		</bndbox>
	</object>
	<object>
		<name>can</name>
		<pose>Unspecified</pose>
		<truncated>0</truncated>
		<difficult>0</difficult>
		<bndbox>
			<xmin>66</xmin>
			<ymin>223</ymin>
			<xmax>348</xmax>
			<ymax>352</ymax>
		</bndbox>
	</object>
	<object>
		<name>can</name>
		<pose>Unspecified</pose>
		<truncated>0</truncated>
		<difficult>0</difficult>
		<bndbox>
			<xmin>87</xmin>
			<ymin>305</ymin>
			<xmax>365</xmax>
			<ymax>414</ymax>
		</bndbox>
	</object>
</annotation>
