<annotation>
	<folder>multi</folder>
	<filename>b_0_8760.jpg</filename>
	<path>C:\Users\요셉\Desktop\waste_classification\train\multi\b_0_8760.jpg</path>
	<source>
		<database>Unknown</database>
	</source>
	<size>
		<width>416</width>
		<height>416</height>
		<depth>3</depth>
	</size>
	<segmented>0</segmented>
	<object>
		<name>PET</name>
		<pose>Unspecified</pose>
		<truncated>0</truncated>
		<difficult>0</difficult>
		<bndbox>
			<xmin>101</xmin>
			<ymin>154</ymin>
			<xmax>355</xmax>
			<ymax>251</ymax>
		</bndbox>
	</object>
	<object>
		<name>can</name>
		<pose>Unspecified</pose>
		<truncated>0</truncated>
		<difficult>0</difficult>
		<bndbox>
			<xmin>131</xmin>
			<ymin>290</ymin>
			<xmax>276</xmax>
			<ymax>341</ymax>
		</bndbox>
	</object>
	<object>
		<name>can</name>
		<pose>Unspecified</pose>
		<truncated>0</truncated>
		<difficult>0</difficult>
		<bndbox>
			<xmin>226</xmin>
			<ymin>41</ymin>
			<xmax>376</xmax>
			<ymax>130</ymax>
		</bndbox>
	</object>
</annotation>
