<annotation>
	<folder>multi</folder>
	<filename>b_0_8510.jpg</filename>
	<path>C:\Users\요셉\Desktop\waste_classification\train\multi\b_0_8510.jpg</path>
	<source>
		<database>Unknown</database>
	</source>
	<size>
		<width>416</width>
		<height>416</height>
		<depth>3</depth>
	</size>
	<segmented>0</segmented>
	<object>
		<name>PET</name>
		<pose>Unspecified</pose>
		<truncated>0</truncated>
		<difficult>0</difficult>
		<bndbox>
			<xmin>27</xmin>
			<ymin>21</ymin>
			<xmax>215</xmax>
			<ymax>282</ymax>
		</bndbox>
	</object>
	<object>
		<name>PET</name>
		<pose>Unspecified</pose>
		<truncated>0</truncated>
		<difficult>0</difficult>
		<bndbox>
			<xmin>199</xmin>
			<ymin>149</ymin>
			<xmax>396</xmax>
			<ymax>411</ymax>
		</bndbox>
	</object>
	<object>
		<name>can</name>
		<pose>Unspecified</pose>
		<truncated>0</truncated>
		<difficult>0</difficult>
		<bndbox>
			<xmin>106</xmin>
			<ymin>111</ymin>
			<xmax>286</xmax>
			<ymax>323</ymax>
		</bndbox>
	</object>
</annotation>
