<annotation>
	<folder>pet_1</folder>
	<filename>pet_0_498.jpg</filename>
	<path>C:\Users\요셉\Desktop\waste_classification\train\pet_1\pet_0_498.jpg</path>
	<source>
		<database>Unknown</database>
	</source>
	<size>
		<width>225</width>
		<height>225</height>
		<depth>1</depth>
	</size>
	<segmented>0</segmented>
	<object>
		<name>PET</name>
		<pose>Unspecified</pose>
		<truncated>0</truncated>
		<difficult>0</difficult>
		<bndbox>
			<xmin>73</xmin>
			<ymin>10</ymin>
			<xmax>147</xmax>
			<ymax>218</ymax>
		</bndbox>
	</object>
</annotation>
