<annotation>
	<folder>pet_1</folder>
	<filename>pet_0_3640.jpg</filename>
	<path>C:\Users\요셉\Desktop\waste_classification\train\pet_1\pet_0_3640.jpg</path>
	<source>
		<database>Unknown</database>
	</source>
	<size>
		<width>275</width>
		<height>183</height>
		<depth>3</depth>
	</size>
	<segmented>0</segmented>
	<object>
		<name>PET</name>
		<pose>Unspecified</pose>
		<truncated>1</truncated>
		<difficult>0</difficult>
		<bndbox>
			<xmin>76</xmin>
			<ymin>1</ymin>
			<xmax>185</xmax>
			<ymax>181</ymax>
		</bndbox>
	</object>
</annotation>
