<annotation>
	<folder>pet_1</folder>
	<filename>pet_0_4183.jpg</filename>
	<path>C:\Users\요셉\Desktop\waste_classification\train\pet_1\pet_0_4183.jpg</path>
	<source>
		<database>Unknown</database>
	</source>
	<size>
		<width>224</width>
		<height>224</height>
		<depth>1</depth>
	</size>
	<segmented>0</segmented>
	<object>
		<name>PET</name>
		<pose>Unspecified</pose>
		<truncated>1</truncated>
		<difficult>0</difficult>
		<bndbox>
			<xmin>1</xmin>
			<ymin>37</ymin>
			<xmax>221</xmax>
			<ymax>192</ymax>
		</bndbox>
	</object>
</annotation>
