<annotation>
	<folder>pet_1</folder>
	<filename>pet_0_9357.jpg</filename>
	<path>C:\Users\요셉\Desktop\waste_classification\train\pet_1\pet_0_9357.jpg</path>
	<source>
		<database>Unknown</database>
	</source>
	<size>
		<width>257</width>
		<height>196</height>
		<depth>3</depth>
	</size>
	<segmented>0</segmented>
	<object>
		<name>PET</name>
		<pose>Unspecified</pose>
		<truncated>0</truncated>
		<difficult>0</difficult>
		<bndbox>
			<xmin>44</xmin>
			<ymin>11</ymin>
			<xmax>204</xmax>
			<ymax>185</ymax>
		</bndbox>
	</object>
</annotation>
