<annotation>
	<folder>pet_1</folder>
	<filename>R_12.jpg</filename>
	<path>C:\Users\요셉\Desktop\waste_classification\train\pet_1\R_12.jpg</path>
	<source>
		<database>Unknown</database>
	</source>
	<size>
		<width>275</width>
		<height>183</height>
		<depth>3</depth>
	</size>
	<segmented>0</segmented>
	<object>
		<name>PET</name>
		<pose>Unspecified</pose>
		<truncated>0</truncated>
		<difficult>0</difficult>
		<bndbox>
			<xmin>50</xmin>
			<ymin>17</ymin>
			<xmax>229</xmax>
			<ymax>171</ymax>
		</bndbox>
	</object>
</annotation>
