<annotation>
	<folder>pet_1</folder>
	<filename>R_3.jpg</filename>
	<path>C:\Users\요셉\Desktop\waste_classification\train\pet_1\R_3.jpg</path>
	<source>
		<database>Unknown</database>
	</source>
	<size>
		<width>259</width>
		<height>194</height>
		<depth>3</depth>
	</size>
	<segmented>0</segmented>
	<object>
		<name>PET</name>
		<pose>Unspecified</pose>
		<truncated>0</truncated>
		<difficult>0</difficult>
		<bndbox>
			<xmin>32</xmin>
			<ymin>46</ymin>
			<xmax>226</xmax>
			<ymax>144</ymax>
		</bndbox>
	</object>
</annotation>
