<annotation>
	<folder>pet_1</folder>
	<filename>R_4.jpg</filename>
	<path>C:\Users\요셉\Desktop\waste_classification\train\pet_1\R_4.jpg</path>
	<source>
		<database>Unknown</database>
	</source>
	<size>
		<width>274</width>
		<height>184</height>
		<depth>3</depth>
	</size>
	<segmented>0</segmented>
	<object>
		<name>PET</name>
		<pose>Unspecified</pose>
		<truncated>0</truncated>
		<difficult>0</difficult>
		<bndbox>
			<xmin>21</xmin>
			<ymin>41</ymin>
			<xmax>252</xmax>
			<ymax>148</ymax>
		</bndbox>
	</object>
</annotation>
